count, time, proximity_num, proximity_id, proximity_duration, proximity_velocity, proximity_theta, proximity_phi, proximity_distance, 
12, 6000,0, 
13, 6500,0, 
14, 7000,0, 
15, 7500,0, 
16, 8000,0, 
17, 8500,0, 
18, 9000,0, 
19, 9500,0, 
20, 10000,0, 
21, 10500,0, 
22, 11000,0, 
23, 11500,0, 
24, 12000,0, 
25, 12500,0, 
26, 13000,0, 
27, 13500,0, 
28, 14000,0, 
29, 14500,0, 
30, 15000,0, 
31, 15500,0, 
32, 16000,0, 
33, 16500,0, 
34, 17000,0, 
35, 17500,0, 
36, 18000,0, 
37, 18500,0, 
38, 19000,0, 
39, 19500,0, 
40, 20000,0, 
41, 20500,0, 
42, 21000,12,308,0.000000,0.000000,-0.296246,0.165239,5.509442,309,0.000000,0.000000,-0.227011,-0.045982,6.952944,310,0.000000,0.000000,-0.560134,0.076534,6.576061,302,1.000000,0.034000,1.871407,0.000000,2.861469,311,0.000000,0.000000,-0.372360,0.138342,6.422605,305,1.000000,0.036000,-1.492345,-0.016676,12.221039,312,0.000000,0.000000,1.247635,0.197213,2.536025,313,0.000000,0.000000,1.140609,-0.085637,9.944421,314,0.000000,0.000000,1.195630,-0.264314,2.571813,315,0.000000,0.000000,-0.038414,-0.047549,8.798209,316,0.000000,0.000000,0.868888,-0.084619,10.355912,317,0.000000,0.000000,-0.287102,0.107682,6.611123, 
43, 21500,0, 
44, 22000,0, 
45, 22500,0, 
46, 23000,0, 
47, 23500,0, 
48, 24000,0, 
49, 24500,0, 
50, 25000,0, 
51, 25500,0, 
52, 26000,0, 
53, 26500,0, 
54, 27000,0, 
55, 27500,0, 
56, 28000,0, 
57, 28500,18,554,0.000000,0.000000,3.059000,0.017000,8.377001,555,0.000000,0.000000,0.829000,0.052000,6.396999,556,0.000000,0.000000,2.698000,0.017000,10.503000,558,0.000000,0.000000,-0.238000,0.123000,10.472000,559,0.000000,0.000000,1.201000,-0.122000,4.567000,560,0.000000,0.000000,0.246000,0.053000,12.421000,561,0.000000,0.000000,0.328000,0.122000,11.684001,562,0.000000,0.000000,3.138000,0.258000,7.819000,563,0.000000,0.000000,-2.711000,0.258000,7.536000,564,0.000000,0.000000,-2.482000,0.052000,5.673000,565,0.000000,0.000000,-2.209000,0.087000,5.036000,566,0.000000,0.000000,-2.166000,0.226000,4.864000,567,0.000000,0.000000,-0.446000,-0.053000,11.782000,568,0.000000,0.000000,-3.110000,-0.087000,9.838002,569,0.000000,0.000000,0.707000,-0.122000,7.250000,570,0.000000,0.000000,-1.502007,0.000000,3.882218,571,0.000000,0.000000,-2.500000,0.156000,5.265000,572,0.000000,0.000000,1.870000,-0.192000,3.625000, 
58, 29000,0, 
59, 29500,0, 
60, 30000,0, 
61, 30500,0, 
62, 31000,0, 
63, 31500,0, 
64, 32000,0, 
65, 32500,0, 
66, 33000,0, 
67, 33500,0, 
68, 34000,0, 
69, 34500,0, 
70, 35000,0, 
71, 35500,0, 
72, 36000,0, 
73, 36500,0, 
74, 37000,0, 
75, 37500,0, 
76, 38000,0, 
77, 38500,0, 
78, 39000,0, 
79, 39500,0, 
80, 40000,0, 
81, 40500,19,1005,0.000000,0.000000,2.959000,0.052000,8.942005,1006,0.000000,0.000000,-2.732000,0.017000,10.769003,1007,0.000000,0.000000,3.131000,0.017000,9.356003,1008,0.000000,0.000000,1.112000,0.018000,5.154002,1009,0.000000,0.000000,-3.131000,0.017000,9.378003,1010,0.000000,0.000000,2.798000,0.017000,9.569003,1011,0.000000,0.000000,-1.696000,0.157000,8.535000,992,1.000000,0.026000,-1.639000,0.017000,9.925003,1012,0.000000,0.000000,1.470000,-0.017000,3.495003,1013,0.000000,0.000000,-0.838000,0.088000,13.692002,1014,0.000000,0.000000,-1.571000,-0.017000,9.908000,1015,0.000000,0.000000,-1.286000,-0.228000,3.172000,1016,0.000000,0.000000,-1.011106,0.000000,3.886690,1017,0.000000,0.000000,2.027000,-0.121000,6.691000,1018,0.000000,0.000000,3.116000,-0.087000,9.360003,1019,0.000000,0.000000,2.981000,-0.087000,8.830000,1020,0.000000,0.000000,-3.138000,-0.086000,9.399003,1021,0.000000,0.000000,-2.222000,-0.052000,15.755000,1022,0.000000,0.000000,1.764000,0.087000,5.116001, 
82, 41000,0, 
83, 41500,0, 
84, 42000,0, 
85, 42500,0, 
86, 43000,0, 
87, 43500,0, 
88, 44000,0, 
89, 44500,0, 
90, 45000,0, 
91, 45500,0, 
92, 46000,0, 
93, 46500,0, 
94, 47000,0, 
95, 47500,0, 
96, 48000,0, 
97, 48500,0, 
98, 49000,0, 
99, 49500,0, 
100, 50000,0, 
101, 50500,0, 
102, 51000,0, 
103, 51500,0, 
104, 52000,0, 
105, 52500,0, 
106, 53000,0, 
107, 53500,0, 
108, 54000,26,1055,24.000000,0.028000,2.514000,-0.017000,2.574000,1473,0.000000,0.000000,0.562000,0.160000,6.678998,1474,0.000000,0.000000,-0.864000,-0.053000,8.399997,1475,0.000000,0.000000,-1.236000,0.157000,8.469001,1476,0.000000,0.000000,-0.717000,-0.053000,7.464999,1477,0.000000,0.000000,-1.218000,0.018000,1.794000,1478,0.000000,0.000000,-1.460000,-0.087000,4.228000,1479,0.000000,0.000000,3.135000,-0.017000,19.896999,1480,0.000000,0.000000,-0.423000,0.053000,8.634998,1482,0.000000,0.000000,-0.261000,0.018000,6.647999,1483,0.000000,0.000000,-2.009000,-0.226000,3.306000,1484,0.000000,0.000000,0.609000,0.089000,6.606999,1485,0.000000,0.000000,1.760000,0.087000,5.174000,1486,0.000000,0.000000,-2.153000,-0.191000,3.946000,1487,0.000000,0.000000,-0.770000,-0.198000,2.956000,1488,0.000000,0.000000,-0.287000,-0.053000,6.609999,1489,0.000000,0.000000,2.027000,0.017000,5.458000,1490,0.000000,0.000000,0.839000,-0.123000,7.245000,1491,0.000000,0.000000,0.453000,-0.088000,9.799995,1492,0.000000,0.000000,0.671000,-0.124000,7.230999,1493,0.000000,0.000000,-0.866000,0.018000,8.436000,1494,0.000000,0.000000,-1.084000,0.053000,8.349000,1495,0.000000,0.000000,-1.897000,0.052000,11.473996,1496,0.000000,0.000000,2.995000,0.052000,10.166998,1497,0.000000,0.000000,0.564000,-0.053000,7.713000,1499,0.000000,0.000000,-2.635000,-0.017000,19.752998, 
109, 54500,0, 
110, 55000,0, 
111, 55500,0, 
112, 56000,0, 
113, 56500,0, 
114, 57000,11,1483,6.000000,0.037000,-2.280000,-0.225000,2.884000,1598,0.000000,0.000000,-2.952000,0.121000,12.078001,1599,0.000000,0.000000,0.568000,-0.159000,4.929998,1600,0.000000,0.000000,1.220000,0.122000,5.231001,1601,0.000000,0.000000,-0.927000,0.159000,7.578000,1602,0.000000,0.000000,1.570000,-0.017000,7.898000,1603,0.000000,0.000000,-0.670000,-0.053000,8.985000,1604,0.000000,0.000000,2.661000,-0.156000,3.854000,1605,0.000000,0.000000,-1.818000,-0.087000,8.667998,1606,0.000000,0.000000,-1.802000,-0.225000,3.142000,1607,0.000000,0.000000,-2.976000,0.052000,12.170000, 
115, 57500,0, 
116, 58000,0, 
117, 58500,0, 
118, 59000,0, 
119, 59500,0, 
120, 60000,0, 
121, 60500,0, 
122, 61000,0, 
123, 61500,0, 
124, 62000,0, 
125, 62500,0, 
126, 63000,11,1760,0.000000,0.000000,-2.071353,0.000000,2.256387,1761,0.000000,0.000000,-2.941000,-0.086000,9.002001,1762,0.000000,0.000000,1.591000,-0.262000,2.517999,1763,0.000000,0.000000,0.387000,0.093000,2.332998,1764,0.000000,0.000000,-0.856883,0.000000,2.002357,1765,0.000000,0.000000,-0.943000,-0.018000,7.847001,1766,0.000000,0.000000,-0.697000,-0.018000,7.279000,1767,0.000000,0.000000,1.314000,-0.227000,2.524001,1768,0.000000,0.000000,0.831000,0.017000,2.821000,1769,0.000000,0.000000,2.397000,0.156000,3.706000,1770,0.000000,0.000000,-2.263000,-0.017000,23.961000, 
127, 63500,0, 
128, 64000,0, 
129, 64500,0, 
130, 65000,0, 
131, 65500,0, 
132, 66000,0, 
133, 66500,0, 
134, 67000,0, 
135, 67500,14,1905,0.000000,0.000000,3.002000,0.017000,3.816000,1906,0.000000,0.000000,1.363000,0.089000,1.243000,1907,0.000000,0.000000,2.107000,0.259000,1.193000,1908,0.000000,0.000000,-0.611000,-0.018000,4.629002,1909,0.000000,0.000000,2.819000,0.155000,9.317997,1910,0.000000,0.000000,3.133000,-0.017000,12.760000,1911,0.000000,0.000000,0.953000,0.236000,1.225001,1912,0.000000,0.000000,2.505001,0.259000,1.513999,1913,0.000000,0.000000,-0.982000,0.158000,5.561001,1914,0.000000,0.000000,0.825001,-0.088000,1.553001,1915,0.000000,0.000000,0.481000,0.245000,1.621000,1916,0.000000,0.000000,-1.545000,-0.018000,1.873001,1917,0.000000,0.000000,2.783000,0.017000,9.307999,1918,0.000000,0.000000,-1.545000,-0.123000,1.875002, 
136, 68000,0, 
137, 68500,0, 
138, 69000,0, 
139, 69500,0, 
140, 70000,0, 
141, 70500,18,1971,2.000000,0.012000,-2.677000,-0.052000,2.939999,2003,0.000000,0.000000,2.734001,0.151000,2.348000,1993,1.000000,0.032000,0.251000,0.262000,2.852000,1863,9.000000,0.040000,-1.624000,0.262000,2.606000,2004,0.000000,0.000000,1.924000,0.190000,0.753001,2005,0.000000,0.000000,-3.135000,0.087000,15.074000,2006,0.000000,0.000000,-2.431000,-0.052000,2.778001,2007,0.000000,0.000000,-3.018000,0.087000,15.211000,1881,8.000000,0.024000,-1.405000,-0.052000,4.526999,2008,0.000000,0.000000,0.298000,0.018000,2.718000,2009,0.000000,0.000000,-2.888000,-0.052000,14.484997,2010,0.000000,0.000000,-1.567000,-0.122000,4.448000,2011,0.000000,0.000000,-0.649000,0.229000,5.181999,2012,0.000000,0.000000,-0.733000,0.229000,4.914000,2013,0.000000,0.000000,-2.007000,0.155000,4.162998,2014,0.000000,0.000000,3.141000,0.087000,15.078000,2015,0.000000,0.000000,-2.619000,-0.258000,3.059000,2016,0.000000,0.000000,-1.934000,-0.017000,25.924999, 
142, 71000,0, 
143, 71500,0, 
144, 72000,0, 
145, 72500,0, 
146, 73000,0, 
147, 73500,0, 
148, 74000,0, 
149, 74500,0, 
150, 75000,21,2154,0.000000,0.000000,1.641000,0.261000,1.190999,2155,0.000000,0.000000,-2.030000,0.086000,2.731000,2156,0.000000,0.000000,2.540000,0.252000,2.353998,2157,0.000000,0.000000,1.112001,-0.123000,1.183001,2158,0.000000,0.000000,0.022000,-0.018000,8.758994,2159,0.000000,0.000000,-0.800000,0.195000,3.458998,2160,0.000000,0.000000,-0.149000,-0.124000,5.580998,2162,0.000000,0.000000,-1.668000,-0.261000,3.469001,2163,0.000000,0.000000,2.369999,0.258000,1.670000,2164,0.000000,0.000000,0.168000,0.231000,8.719000,2166,0.000000,0.000000,1.733000,-0.259000,1.224998,2167,0.000000,0.000000,0.112000,0.124000,10.626997,2168,0.000000,0.000000,0.912000,0.090000,1.693999,2169,0.000000,0.000000,2.962000,-0.154000,5.785997,2170,0.000000,0.000000,-1.139000,-0.193000,4.449001,2171,0.000000,0.000000,-3.017000,-0.086000,9.175994,2172,0.000000,0.000000,2.956000,0.052000,2.987997,2173,0.000000,0.000000,1.551000,-0.053000,1.209001,2174,0.000000,0.000000,-2.162000,-0.155000,5.244000,2175,0.000000,0.000000,-2.545000,-0.189000,2.576999,2176,0.000000,0.000000,-2.322000,0.260000,4.256001, 
151, 75500,0, 
152, 76000,0, 
153, 76500,0, 
154, 77000,0, 
155, 77500,0, 
156, 78000,0, 
157, 78500,0, 
158, 79000,0, 
159, 79500,16,2303,0.000000,0.000000,2.540000,-0.052000,2.474000,2304,0.000000,0.000000,2.208000,0.087000,2.419001,2305,0.000000,0.000000,2.378000,-0.121000,2.993999,2306,0.000000,0.000000,2.690000,0.220000,3.387998,2307,0.000000,0.000000,1.351000,0.018000,3.903999,2308,0.000000,0.000000,0.624000,-0.125000,5.698999,2309,0.000000,0.000000,2.485000,0.260000,2.686001,2310,0.000000,0.000000,-2.649000,0.224000,2.654997,2311,0.000000,0.000000,-0.069000,0.194000,7.207000,2312,0.000000,0.000000,-2.572000,-0.189000,2.606000,2313,0.000000,0.000000,-2.001000,-0.017000,2.819000,2314,0.000000,0.000000,-2.939000,0.154000,6.704997,2315,0.000000,0.000000,2.960000,-0.087000,10.026999,2316,0.000000,0.000000,1.946000,-0.017000,4.439998,2317,0.000000,0.000000,2.771000,0.017000,3.615999,2319,0.000000,0.000000,-0.179000,-0.018000,5.603000, 
160, 80000,0, 
161, 80500,0, 
162, 81000,0, 
163, 81500,0, 
164, 82000,0, 
165, 82500,0, 
166, 83000,0, 
167, 83500,0, 
168, 84000,0, 
169, 84500,0, 
170, 85000,0, 
171, 85500,15,2488,0.000000,0.000000,2.895000,0.017000,6.160000,2489,0.000000,0.000000,0.692000,-0.018000,2.497999,2490,0.000000,0.000000,-0.640000,-0.018000,5.658000,2491,0.000000,0.000000,-2.833000,0.052000,9.299002,2493,0.000000,0.000000,-0.734000,-0.230000,3.818000,2494,0.000000,0.000000,-0.444000,0.163000,3.336000,2495,0.000000,0.000000,-0.862000,-0.230000,3.810000,2496,0.000000,0.000000,-2.118000,-0.153000,2.558000,2497,0.000000,0.000000,0.151000,0.090000,5.746000,2498,0.000000,0.000000,1.705000,0.087000,5.442999,2499,0.000000,0.000000,0.160000,-0.054000,5.712000,2500,0.000000,0.000000,1.857000,0.087000,5.616998,2501,0.000000,0.000000,3.043000,0.258000,7.097999,2502,0.000000,0.000000,-1.003000,-0.231000,3.820000,2503,0.000000,0.000000,-2.679000,-0.189000,3.115000, 
172, 86000,0, 
173, 86500,0, 
174, 87000,19,2528,0.000000,0.000000,2.981000,0.017000,7.306000,2529,0.000000,0.000000,-1.490000,-0.017000,4.443999,2530,0.000000,0.000000,1.008000,-0.123000,4.576002,2531,0.000000,0.000000,-0.703000,-0.018000,4.826001,2532,0.000000,0.000000,0.274000,-0.157000,4.644000,2533,0.000000,0.000000,3.067000,0.017000,7.266000,2534,0.000000,0.000000,-2.316000,-0.119000,3.200000,2535,0.000000,0.000000,3.062000,0.189000,7.350000,2536,0.000000,0.000000,2.425000,-0.017000,5.125000,2537,0.000000,0.000000,-2.571000,-0.254000,3.095001,2538,0.000000,0.000000,-1.016000,-0.229000,3.583000,2539,0.000000,0.000000,-2.706000,0.086000,3.140000,2540,0.000000,0.000000,-0.288000,-0.088000,9.781004,2541,0.000000,0.000000,-0.319000,0.089000,5.062000,2542,0.000000,0.000000,-1.309000,-0.228000,3.773001,2543,0.000000,0.000000,1.154000,0.227000,1.835000,2544,0.000000,0.000000,1.139000,-0.018000,1.836002,2545,0.000000,0.000000,0.392000,0.053000,7.051001,2546,0.000000,0.000000,-0.420000,0.229000,6.515000, 
175, 87500,0, 
176, 88000,0, 
177, 88500,0, 
178, 89000,0, 
179, 89500,0, 
180, 90000,0, 
181, 90500,0, 
182, 91000,0, 
183, 91500,16,2660,1.000000,0.038000,2.544000,0.255000,3.078001,2665,0.000000,0.000000,1.977000,0.121000,2.710001,2666,0.000000,0.000000,0.258000,0.159000,11.786999,2667,0.000000,0.000000,-3.014000,0.086000,10.472997,2668,0.000000,0.000000,-3.013000,0.017000,10.492994,2669,0.000000,0.000000,0.190000,0.122000,11.882000,2670,0.000000,0.000000,-1.756000,-0.260000,2.442001,2671,0.000000,0.000000,2.433000,0.017000,5.403001,2672,0.000000,0.000000,1.872000,-0.087000,4.655998,2673,0.000000,0.000000,-2.271000,-0.256000,3.361000,2675,0.000000,0.000000,-2.668000,0.224000,2.827000,2676,0.000000,0.000000,0.095000,-0.017000,22.681997,2677,0.000000,0.000000,2.776000,-0.122000,7.047000,2678,0.000000,0.000000,2.688000,0.225000,3.389999,2679,0.000000,0.000000,-2.492000,-0.255000,3.438000,2680,0.000000,0.000000,3.059000,0.017000,11.640999, 
184, 92000,0, 
185, 92500,0, 
186, 93000,0, 
187, 93500,0, 
188, 94000,0, 
189, 94500,13,2756,0.000000,0.000000,2.544000,0.260000,3.482000,2757,0.000000,0.000000,2.321000,0.087000,3.962002,2702,4.000000,0.025000,-1.445000,-0.052000,3.112998,2758,0.000000,0.000000,0.205000,0.052000,3.456000,2759,0.000000,0.000000,2.433000,-0.017000,7.040001,2761,0.000000,0.000000,-3.013000,-0.017000,5.590000,2762,0.000000,0.000000,-1.333000,-0.018000,3.117002,2763,0.000000,0.000000,2.981000,0.017000,12.792997,2748,1.000000,0.020000,1.664000,-0.052000,5.420997,2764,0.000000,0.000000,1.967000,0.261000,2.224000,2765,0.000000,0.000000,2.838000,0.257000,5.474000,2766,0.000000,0.000000,1.619000,-0.157000,5.363000,2767,0.000000,0.000000,1.813000,-0.087000,5.130999, 
190, 95000,0, 
191, 95500,0, 
192, 96000,0, 
193, 96500,0, 
194, 97000,0, 
195, 97500,0, 
196, 98000,0, 
197, 98500,0, 
198, 99000,10,2869,0.000000,0.000000,2.784000,0.261000,5.287000,2842,2.000000,0.022000,-2.515000,-0.052000,2.951000,2871,0.000000,0.000000,1.301000,0.017000,3.854000,2873,0.000000,0.000000,2.975000,-0.017000,16.086006,2874,0.000000,0.000000,-1.494983,0.000000,1.821704,2875,0.000000,0.000000,-0.530000,-0.018000,8.564002,2876,0.000000,0.000000,0.980000,-0.227000,1.432000,2877,0.000000,0.000000,-2.483000,-0.155000,3.061999,2878,0.000000,0.000000,-2.457000,-0.259000,3.037000,2880,0.000000,0.000000,0.058000,0.194000,8.046999, 
199, 99500,0, 
200, 100000,0, 
201, 100500,0, 
202, 101000,0, 
203, 101500,0, 
204, 102000,14,2960,0.000000,0.000000,1.831001,-0.257000,1.274999,2961,0.000000,0.000000,-0.455000,0.018000,5.217999,2962,0.000000,0.000000,2.491001,0.017000,2.407000,2963,0.000000,0.000000,-3.140000,0.156000,11.469005,2964,0.000000,0.000000,-1.808000,0.052000,3.669000,2965,0.000000,0.000000,0.169000,-0.087000,8.908000,2966,0.000000,0.000000,-0.863000,-0.230000,3.582998,2967,0.000000,0.000000,-0.140000,-0.122000,7.268002,2969,0.000000,0.000000,1.483000,0.122000,5.347002,2970,0.000000,0.000000,1.371000,0.228000,5.161999,2971,0.000000,0.000000,1.627999,-0.261000,1.313001,2972,0.000000,0.000000,-0.207000,-0.087000,8.564000,2973,0.000000,0.000000,1.584000,0.227000,5.018999,2974,0.000000,0.000000,-2.558000,-0.253000,2.911000, 
205, 102500,0, 
206, 103000,0, 
207, 103500,0, 
208, 104000,0, 
209, 104500,0, 
210, 105000,0, 
211, 105500,0, 
212, 106000,0, 
213, 106500,12,3101,0.000000,0.000000,-0.952000,0.018000,7.661000,3102,0.000000,0.000000,-0.098000,0.088000,11.021001,3103,0.000000,0.000000,-0.382000,0.088000,11.278001,3104,0.000000,0.000000,-1.529000,0.192000,4.397001,3105,0.000000,0.000000,2.330000,0.190000,6.017998,3106,0.000000,0.000000,1.511999,0.087000,1.584002,3107,0.000000,0.000000,-1.022000,0.162000,2.703000,3108,0.000000,0.000000,-3.044000,0.086000,11.342999,3109,0.000000,0.000000,-1.583000,-0.262000,2.710000,3110,0.000000,0.000000,2.501000,0.261000,5.964000,3111,0.000000,0.000000,-1.566000,0.052000,10.246997,3112,0.000000,0.000000,-3.041000,-0.052000,11.124994, 
214, 107000,0, 
215, 107500,0, 
216, 108000,0, 
217, 108500,0, 
218, 109000,0, 
219, 109500,15,3182,0.000000,0.000000,0.111000,0.017000,3.611998,3184,0.000000,0.000000,-0.315000,0.018000,9.094000,3139,4.000000,0.022000,-2.116000,-0.256000,2.680001,3185,0.000000,0.000000,3.115999,-0.259000,3.287999,3170,2.000000,0.020000,2.644000,0.190000,7.529997,3186,0.000000,0.000000,-3.117000,0.017000,4.862999,3187,0.000000,0.000000,2.218000,-0.257000,3.078001,3188,0.000000,0.000000,2.197000,0.086000,2.949998,3189,0.000000,0.000000,1.529000,-0.122000,3.513000,3190,0.000000,0.000000,1.714000,-0.262000,3.380000,3192,0.000000,0.000000,2.769000,-0.260000,3.283999,3193,0.000000,0.000000,1.720000,0.017000,8.355996,3194,0.000000,0.000000,1.269000,0.017000,8.300000,3195,0.000000,0.000000,1.393000,-0.017000,7.975002,3197,0.000000,0.000000,-1.726000,0.190000,2.214000, 
220, 110000,0, 
221, 110500,0, 
222, 111000,0, 
223, 111500,0, 
224, 112000,0, 
225, 112500,0, 
226, 113000,0, 
227, 113500,0, 
228, 114000,20,3041,19.000000,0.029000,-2.446000,-0.052000,2.668999,3354,0.000000,0.000000,-3.027000,-0.187000,4.545999,3355,0.000000,0.000000,2.736000,0.261000,6.266997,3356,0.000000,0.000000,-0.848000,-0.123000,7.017000,3357,0.000000,0.000000,2.556534,0.000000,5.155128,3358,0.000000,0.000000,0.475000,0.192000,10.418997,3359,0.000000,0.000000,-2.312000,0.017000,1.904999,3360,0.000000,0.000000,-1.637000,0.052000,6.474000,3361,0.000000,0.000000,2.823000,-0.121000,7.195998,3362,0.000000,0.000000,0.952000,0.088000,3.964999,3363,0.000000,0.000000,0.257000,-0.091000,3.456000,3364,0.000000,0.000000,-0.225000,-0.053000,13.939000,3365,0.000000,0.000000,2.890000,0.051000,4.902999,3366,0.000000,0.000000,-0.521000,0.018000,8.599000,3367,0.000000,0.000000,3.141000,0.087000,5.053000,3368,0.000000,0.000000,-1.143000,0.018000,5.290000,3369,0.000000,0.000000,-2.929000,0.087000,5.339000,3370,0.000000,0.000000,-2.918000,0.017000,5.523000,3371,0.000000,0.000000,-2.922000,-0.187000,4.624001,3373,0.000000,0.000000,0.275999,-0.199000,3.709001, 
229, 114500,0, 
230, 115000,0, 
231, 115500,0, 
232, 116000,0, 
233, 116500,0, 
234, 117000,18,3041,25.000000,0.041000,-2.629000,-0.052000,2.772000,3458,0.000000,0.000000,-1.992000,0.017000,2.905000,3442,1.000000,0.046000,-2.810000,-0.156000,5.723002,3444,1.000000,0.034000,-1.673000,-0.261000,3.227001,3460,0.000000,0.000000,-3.026000,0.052000,7.059998,3461,0.000000,0.000000,0.299000,0.018000,5.666000,3462,0.000000,0.000000,1.579000,0.262000,6.460003,3463,0.000000,0.000000,-1.331000,-0.228000,3.533003,3464,0.000000,0.000000,-1.571000,-0.262000,3.223001,3465,0.000000,0.000000,-0.735000,-0.123000,6.653000,3466,0.000000,0.000000,-1.481000,0.227000,6.881001,3467,0.000000,0.000000,-1.326000,0.052000,7.123000,3468,0.000000,0.000000,3.115000,-0.087000,9.806998,3469,0.000000,0.000000,-0.579000,-0.088000,9.446000,3470,0.000000,0.000000,0.271000,0.194000,8.785000,3471,0.000000,0.000000,-1.602000,0.017000,6.435001,3473,0.000000,0.000000,-2.611000,0.189000,2.893000,3474,0.000000,0.000000,-2.600000,-0.189000,2.871002, 
235, 117500,0, 
236, 118000,0, 
237, 118500,0, 
238, 119000,0, 
239, 119500,0, 
240, 120000,0, 
241, 120500,0, 
242, 121000,0, 
243, 121500,0, 
244, 122000,0, 
245, 122500,0, 
246, 123000,0, 
247, 123500,0, 
248, 124000,0, 
249, 124500,0, 
250, 125000,0, 
251, 125500,0, 
252, 126000,0, 
253, 126500,0, 
254, 127000,0, 
255, 127500,0, 
256, 128000,0, 
257, 128500,0, 
258, 129000,0, 
259, 129500,0, 
260, 130000,0, 
261, 130500,0, 
262, 131000,0, 
263, 131500,0, 
264, 132000,0, 
265, 132500,0, 
266, 133000,0, 
267, 133500,12,4003,0.000000,0.000000,1.508000,-0.157000,3.170999,4004,0.000000,0.000000,2.280000,0.226000,4.350000,4005,0.000000,0.000000,-3.021000,0.017000,3.563000,4007,0.000000,0.000000,-2.440000,0.258000,6.891000,4008,0.000000,0.000000,2.524000,-0.120000,6.001998,4009,0.000000,0.000000,1.562000,0.157000,6.358000,3976,2.000000,0.019000,0.385000,0.054000,3.873000,4010,0.000000,0.000000,-1.836000,0.157000,8.158000,4011,0.000000,0.000000,1.072000,0.053000,8.051997,4012,0.000000,0.000000,-1.391276,0.000000,2.225790,4013,0.000000,0.000000,-0.068000,-0.017000,34.266998,4014,0.000000,0.000000,1.336000,-0.157000,3.196999, 
268, 134000,0, 
269, 134500,0, 
270, 135000,0, 
271, 135500,0, 
272, 136000,0, 
273, 136500,22,3874,14.000000,0.046000,-2.623000,0.017000,3.267000,4093,0.000000,0.000000,-1.522000,-0.122000,1.993002,4094,0.000000,0.000000,2.517000,0.261000,5.413002,4095,0.000000,0.000000,1.816000,-0.017000,3.554000,4096,0.000000,0.000000,-1.623000,-0.122000,2.002002,4086,1.000000,0.014000,1.603000,-0.087000,3.543998,4097,0.000000,0.000000,1.038000,-0.159000,3.795001,4098,0.000000,0.000000,-0.923000,0.053000,4.381001,4100,0.000000,0.000000,2.600000,-0.086000,5.910003,4101,0.000000,0.000000,1.712000,-0.087000,3.589999,4102,0.000000,0.000000,0.646000,-0.198000,3.884000,4103,0.000000,0.000000,-2.624001,-0.086000,3.293001,4104,0.000000,0.000000,-0.445000,-0.088000,9.478000,4105,0.000000,0.000000,2.056000,0.157000,3.885998,4106,0.000000,0.000000,-0.366000,0.018000,12.434003,4108,0.000000,0.000000,0.570000,-0.162000,3.915000,4109,0.000000,0.000000,-0.727000,-0.123000,6.827000,4110,0.000000,0.000000,-0.577000,0.053000,13.871000,4112,0.000000,0.000000,2.847000,-0.086000,9.685001,4113,0.000000,0.000000,2.744000,0.017000,9.668002,4114,0.000000,0.000000,2.945000,-0.052000,13.559000,4115,0.000000,0.000000,-2.396000,0.225000,8.205000, 
274, 137000,0, 
275, 137500,0, 
276, 138000,0, 
277, 138500,0, 
278, 139000,0, 
279, 139500,0, 
280, 140000,0, 
281, 140500,0, 
282, 141000,0, 
283, 141500,0, 
284, 142000,0, 
285, 142500,0, 
286, 143000,0, 
287, 143500,0, 
288, 144000,0, 
289, 144500,0, 
290, 145000,0, 
291, 145500,0, 
292, 146000,0, 
293, 146500,0, 
294, 147000,0, 
295, 147500,0, 
296, 148000,0, 
297, 148500,0, 
298, 149000,0, 
299, 149500,0, 
300, 150000,10,4602,0.000000,0.000000,0.713000,-0.017000,5.038002,4568,3.000000,0.040000,1.298000,-0.018000,5.025000,4603,0.000000,0.000000,-1.945000,-0.226000,3.795000,4604,0.000000,0.000000,1.163000,-0.122000,4.797000,4605,0.000000,0.000000,0.718000,0.196000,4.782000,4607,0.000000,0.000000,0.087000,0.194000,5.997001,4608,0.000000,0.000000,-0.986974,0.000000,5.015377,4610,0.000000,0.000000,2.824000,0.087000,13.274001,4612,0.000000,0.000000,-2.631291,0.000000,4.978504,4613,0.000000,0.000000,3.119000,0.017000,9.885003, 
301, 150500,0, 
302, 151000,0, 
303, 151500,0, 
304, 152000,0, 
305, 152500,0, 
306, 153000,0, 
307, 153500,0, 
308, 154000,0, 
309, 154500,0, 
310, 155000,0, 
311, 155500,0, 
312, 156000,0, 
313, 156500,0, 
314, 157000,0, 
315, 157500,0, 
316, 158000,0, 
317, 158500,0, 
318, 159000,19,4818,3.000000,0.026000,2.524000,0.017000,4.263000,4865,0.000000,0.000000,0.715000,-0.018000,2.346001,4866,0.000000,0.000000,-2.704000,0.017000,9.965000,4821,3.000000,0.043000,-1.588000,-0.017000,5.307000,4867,0.000000,0.000000,-2.609000,0.191000,9.162001,4819,3.000000,0.011000,1.216000,-0.018000,2.264000,4868,0.000000,0.000000,-1.772340,0.000000,1.108427,4869,0.000000,0.000000,1.220000,-0.195000,2.327000,4870,0.000000,0.000000,1.774484,0.000000,2.654317,4871,0.000000,0.000000,-1.909000,-0.121000,5.559000,4872,0.000000,0.000000,1.604000,0.262000,3.041000,4873,0.000000,0.000000,1.342000,-0.053000,2.284000,4874,0.000000,0.000000,-0.472000,0.229000,6.484999,4875,0.000000,0.000000,-0.255000,0.123000,12.384001,4876,0.000000,0.000000,-0.635000,-0.018000,6.834000,4877,0.000000,0.000000,1.464000,-0.052000,2.217999,4878,0.000000,0.000000,-2.972000,-0.052000,16.325001,4879,0.000000,0.000000,-0.594000,0.228000,7.986998,4880,0.000000,0.000000,-0.391000,-0.053000,9.375000, 
319, 159500,0, 
320, 160000,0, 
321, 160500,0, 
322, 161000,0, 
323, 161500,0, 
324, 162000,19,4882,5.000000,0.049000,1.535000,-0.017000,1.765000,4806,10.000000,0.030000,-1.652000,0.017000,1.323000,4953,0.000000,0.000000,-2.499000,0.122000,10.789999,4943,1.000000,0.031000,2.509000,0.260000,4.016000,4954,0.000000,0.000000,2.289000,-0.051000,2.801000,4956,0.000000,0.000000,-0.200000,0.018000,7.334001,4957,0.000000,0.000000,-0.617000,-0.127000,2.963001,4958,0.000000,0.000000,2.738000,0.257000,4.843000,4960,0.000000,0.000000,-0.996000,-0.018000,6.344000,4961,0.000000,0.000000,-2.634000,-0.017000,20.252001,4962,0.000000,0.000000,2.363000,0.257000,3.907000,4963,0.000000,0.000000,-1.362000,-0.018000,5.392004,4964,0.000000,0.000000,-0.512000,0.228000,7.980000,4965,0.000000,0.000000,0.104000,-0.018000,10.783001,4967,0.000000,0.000000,-1.223000,-0.018000,5.608000,4968,0.000000,0.000000,2.529000,-0.222000,3.564001,4969,0.000000,0.000000,-1.475000,0.017000,5.534000,4971,0.000000,0.000000,-0.205000,-0.053000,7.328001,4972,0.000000,0.000000,-0.600000,0.228000,8.039002, 
325, 162500,0, 
326, 163000,0, 
327, 163500,12,4993,0.000000,0.000000,1.577000,-0.017000,2.192003,4994,0.000000,0.000000,2.766000,0.121000,3.865000,4995,0.000000,0.000000,1.323000,0.017000,2.208000,4996,0.000000,0.000000,-0.230000,-0.054000,6.295999,4997,0.000000,0.000000,0.537000,-0.053000,3.285000,4998,0.000000,0.000000,-1.549000,0.227000,5.708000,4999,0.000000,0.000000,-0.981000,-0.088000,6.415000,5000,0.000000,0.000000,-2.601000,-0.017000,12.656000,5002,0.000000,0.000000,-3.019000,0.156000,6.407001,5003,0.000000,0.000000,-1.339000,-0.088000,5.452999,5004,0.000000,0.000000,2.769000,-0.156000,3.857000,5005,0.000000,0.000000,3.133000,0.156000,6.686999, 
328, 164000,0, 
329, 164500,0, 
330, 165000,0, 
331, 165500,0, 
332, 166000,0, 
333, 166500,9,5017,4.000000,0.033000,1.584999,-0.052000,1.611000,5052,0.000000,0.000000,-1.728000,-0.052000,5.390997,5034,3.000000,0.040000,-1.663999,-0.261000,1.751000,5036,3.000000,0.029000,-1.606000,0.227000,5.747000,5053,0.000000,0.000000,-0.740000,0.228000,6.762000,5054,0.000000,0.000000,0.734000,-0.089000,2.447000,5055,0.000000,0.000000,2.618000,0.017000,3.569000,5056,0.000000,0.000000,-0.216000,0.160000,7.992000,5057,0.000000,0.000000,1.606000,-0.262000,1.933000, 
334, 167000,0, 
335, 167500,0, 
336, 168000,0, 
337, 168500,0, 
338, 169000,0, 
339, 169500,20,5058,5.000000,0.014000,2.797000,-0.086000,3.395001,5099,0.000000,0.000000,-1.662000,-0.052000,5.322999,5017,10.000000,0.016000,1.640000,-0.087000,1.700000,5100,0.000000,0.000000,0.479000,0.018000,5.054000,5071,4.000000,0.040000,-1.610000,-0.157000,5.234000,5101,0.000000,0.000000,-3.007000,0.121000,8.508000,5102,0.000000,0.000000,0.221000,0.262000,7.562000,5103,0.000000,0.000000,0.927000,-0.052000,2.231000,5104,0.000000,0.000000,-0.179000,-0.124000,5.140001,5105,0.000000,0.000000,2.309000,-0.087000,2.276000,5106,0.000000,0.000000,-1.334000,-0.157000,5.384000,5107,0.000000,0.000000,-1.145000,-0.158000,5.371000,5108,0.000000,0.000000,-1.442000,-0.053000,5.287000,5109,0.000000,0.000000,0.033000,-0.053000,16.758005,5110,0.000000,0.000000,-1.237000,-0.053000,5.518002,5111,0.000000,0.000000,-1.099000,-0.053000,5.433000,5112,0.000000,0.000000,-1.516000,-0.017000,5.499000,5113,0.000000,0.000000,-2.642000,-0.253000,2.856001,5114,0.000000,0.000000,0.047000,0.262000,7.562000,5115,0.000000,0.000000,-0.177000,0.232000,6.808001, 
340, 170000,0, 
341, 170500,0, 
342, 171000,0, 
343, 171500,0, 
344, 172000,0, 
345, 172500,15,5167,0.000000,0.000000,1.579000,0.017000,1.863000,5058,11.000000,0.020000,2.766000,-0.087000,3.245000,5047,13.000000,0.013000,-1.532000,-0.018000,1.255999,5168,0.000000,0.000000,-0.123000,-0.018000,7.785997,5169,0.000000,0.000000,3.141000,0.122000,9.869001,5170,0.000000,0.000000,0.780000,-0.018000,3.263000,5171,0.000000,0.000000,0.035000,-0.018000,14.635997,5140,3.000000,0.000000,2.759000,0.156000,3.377000,5172,0.000000,0.000000,-2.526000,-0.190000,4.019000,5173,0.000000,0.000000,-2.021000,-0.052000,5.904000,5174,0.000000,0.000000,-0.859000,-0.053000,6.605998,5175,0.000000,0.000000,-2.676000,-0.119000,3.909000,5176,0.000000,0.000000,2.736000,-0.260000,3.296000,5177,0.000000,0.000000,3.009000,0.261000,7.290001,5178,0.000000,0.000000,-2.467000,0.261000,7.163000, 
346, 173000,0, 
347, 173500,0, 
348, 174000,0, 
349, 174500,0, 
350, 175000,0, 
351, 175500,0, 
352, 176000,0, 
353, 176500,0, 
354, 177000,0, 
355, 177500,0, 
356, 178000,0, 
357, 178500,0, 
358, 179000,0, 
359, 179500,0, 
360, 180000,11,5255,7.000000,0.043000,1.666000,-0.052000,1.390000,5319,0.000000,0.000000,-2.777000,0.260000,5.145000,5313,1.000000,0.030000,-1.404000,-0.017000,5.127000,5320,0.000000,0.000000,-1.561000,0.227000,5.513000,5304,2.000000,0.044000,-1.157000,-0.018000,5.513000,5307,2.000000,0.036000,-2.774000,-0.258000,2.983000,5245,8.000000,0.030000,2.739000,-0.086000,2.787000,5317,1.000000,0.036000,-1.628000,-0.261000,1.775000,5321,0.000000,0.000000,-0.810000,0.228000,7.893000,5322,0.000000,0.000000,3.133000,0.087000,13.408000,5323,0.000000,0.000000,-3.024000,-0.052000,13.077000, 
361, 180500,0, 
362, 181000,0, 
363, 181500,0, 
364, 182000,0, 
365, 182500,0, 
366, 183000,0, 
367, 183500,0, 
368, 184000,0, 
369, 184500,13,5389,0.000000,0.000000,-1.784000,0.017000,5.165000,5390,0.000000,0.000000,-0.142000,0.052000,5.750000,5391,0.000000,0.000000,2.937000,0.261000,6.946000,5264,16.000000,0.027000,1.602000,-0.052000,1.972000,5393,0.000000,0.000000,0.794000,-0.088000,7.515002,5376,2.000000,0.030000,-2.919000,0.260000,7.153000,5395,0.000000,0.000000,-1.396000,0.053000,7.116000,5396,0.000000,0.000000,-1.021000,-0.088000,8.047001,5397,0.000000,0.000000,2.847000,0.261000,6.921000,5398,0.000000,0.000000,-0.672000,-0.053000,10.278003,5399,0.000000,0.000000,-1.617000,0.087000,7.732000,5401,0.000000,0.000000,3.141000,0.017000,8.471000,5403,0.000000,0.000000,2.778000,0.261000,6.913002, 
370, 185000,0, 
371, 185500,0, 
372, 186000,0, 
373, 186500,0, 
374, 187000,0, 
375, 187500,0, 
376, 188000,0, 
377, 188500,0, 
378, 189000,0, 
379, 189500,0, 
380, 190000,0, 
381, 190500,0, 
382, 191000,0, 
383, 191500,0, 
384, 192000,0, 
385, 192500,0, 
386, 193000,0, 
387, 193500,0, 
388, 194000,0, 
389, 194500,0, 
390, 195000,0, 
391, 195500,0, 
392, 196000,0, 
393, 196500,0, 
394, 197000,0, 
395, 197500,0, 
396, 198000,0, 
397, 198500,0, 
398, 199000,0, 
399, 199500,10,5603,8.000000,0.044000,-1.734384,0.000000,4.003918,5669,0.000000,0.000000,0.474087,0.000000,3.681566,5670,0.000000,0.000000,-0.836730,0.139055,7.470577,5671,0.000000,0.000000,1.506109,0.000000,2.027861,5672,0.000000,0.000000,-3.137150,-0.056496,15.195490,5666,1.000000,0.000000,-3.124988,-0.056496,15.180890,5673,0.000000,0.000000,2.660962,0.000000,6.168964,5674,0.000000,0.000000,-0.874868,0.077868,7.460064,5675,0.000000,0.000000,3.041567,0.133523,13.929766,5676,0.000000,0.000000,-0.870820,0.199894,6.889079, 
400, 200000,0, 
401, 200500,0, 
402, 201000,0, 
403, 201500,0, 
404, 202000,0, 
405, 202500,0, 
406, 203000,0, 
407, 203500,0, 
408, 204000,0, 
409, 204500,0, 
410, 205000,0, 
411, 205500,18,5795,0.000000,0.000000,0.551000,0.088000,9.284000,5796,0.000000,0.000000,1.663398,0.000000,1.214422,5797,0.000000,0.000000,1.463000,-0.228000,2.479000,5798,0.000000,0.000000,0.849000,0.053000,13.799996,5799,0.000000,0.000000,-1.723000,0.157000,5.537003,5800,0.000000,0.000000,-2.202000,0.052000,4.922997,5801,0.000000,0.000000,2.491000,0.017000,2.079000,5802,0.000000,0.000000,-1.523000,0.157000,6.973003,5804,0.000000,0.000000,2.891000,-0.188000,4.801000,5805,0.000000,0.000000,-0.375000,-0.088000,9.467001,5806,0.000000,0.000000,-0.729000,-0.018000,11.659000,5807,0.000000,0.000000,0.635000,0.194000,9.407000,5808,0.000000,0.000000,-0.271000,-0.018000,12.032000,5809,0.000000,0.000000,-1.052000,-0.017000,14.639997,5810,0.000000,0.000000,-0.516000,0.018000,10.347000,5811,0.000000,0.000000,-0.133000,-0.018000,11.051000,5812,0.000000,0.000000,-2.933000,-0.188000,4.783997,5814,0.000000,0.000000,-0.813000,-0.018000,12.525000, 
412, 206000,0, 
413, 206500,0, 
414, 207000,0, 
415, 207500,0, 
416, 208000,0, 
417, 208500,0, 
418, 209000,0, 
419, 209500,0, 
420, 210000,0, 
421, 210500,0, 
422, 211000,0, 
423, 211500,18,6013,0.000000,0.000000,-0.323000,0.197000,5.397000,6014,0.000000,0.000000,-3.075000,0.017000,8.753003,6015,0.000000,0.000000,-0.971000,-0.053000,7.952000,6016,0.000000,0.000000,-3.020000,0.260000,7.455000,6017,0.000000,0.000000,-0.497000,0.125000,5.244000,6018,0.000000,0.000000,2.904000,0.017000,8.831000,6019,0.000000,0.000000,-1.145000,0.193000,8.252995,6020,0.000000,0.000000,-1.687000,-0.017000,10.286998,6002,1.000000,0.037000,-2.950000,0.189000,7.885000,6022,0.000000,0.000000,2.360000,-0.155000,5.677000,6023,0.000000,0.000000,-0.394000,0.088000,5.412000,6024,0.000000,0.000000,1.641000,-0.261000,3.209000,6025,0.000000,0.000000,-1.709000,-0.122000,7.155000,6026,0.000000,0.000000,-1.855000,-0.087000,8.575000,6027,0.000000,0.000000,-1.549000,-0.122000,6.957001,6028,0.000000,0.000000,2.971000,0.191000,8.216000,6029,0.000000,0.000000,2.750000,0.261000,6.894001,6030,0.000000,0.000000,3.134000,0.017000,12.636000, 
424, 212000,0, 
425, 212500,0, 
426, 213000,0, 
427, 213500,0, 
428, 214000,0, 
429, 214500,0, 
430, 215000,0, 
431, 215500,0, 
432, 216000,0, 
433, 216500,0, 
434, 217000,0, 
435, 217500,12,6187,0.000000,0.000000,-2.201957,0.000000,5.275612,6188,0.000000,0.000000,0.579000,0.123000,10.548999,6189,0.000000,0.000000,1.496000,0.262000,6.993000,6191,0.000000,0.000000,0.710000,-0.088000,9.020000,6193,0.000000,0.000000,1.637078,0.000000,3.773876,6194,0.000000,0.000000,0.888000,-0.088000,9.327001,6195,0.000000,0.000000,-0.820000,-0.123000,5.761000,6197,0.000000,0.000000,-1.424000,-0.157000,3.880001,6198,0.000000,0.000000,-0.629000,0.088000,5.929000,6199,0.000000,0.000000,0.286000,0.162000,4.430000,6200,0.000000,0.000000,-0.667000,-0.053000,6.735000,6201,0.000000,0.000000,0.466000,-0.018000,10.004000, 
436, 218000,0, 
437, 218500,0, 
438, 219000,0, 
439, 219500,0, 
440, 220000,0, 
441, 220500,0, 
442, 221000,0, 
443, 221500,0, 
444, 222000,0, 
445, 222500,0, 
446, 223000,0, 
447, 223500,0, 
448, 224000,0, 
449, 224500,0, 
450, 225000,16,6412,0.000000,0.000000,-2.070886,0.000000,4.751546,6414,0.000000,0.000000,-0.514000,0.125000,5.943000,6404,1.000000,0.036000,1.665000,-0.261000,3.263000,6415,0.000000,0.000000,-0.525000,-0.089000,6.113997,6416,0.000000,0.000000,-0.463000,0.018000,6.052999,6417,0.000000,0.000000,0.628177,0.000000,7.309844,6418,0.000000,0.000000,-0.440000,0.196000,5.982000,6420,0.000000,0.000000,2.243000,-0.226000,3.847000,6421,0.000000,0.000000,1.681000,0.087000,7.720000,6422,0.000000,0.000000,-1.791000,-0.052000,6.788996,6423,0.000000,0.000000,-1.798000,-0.122000,6.791000,6424,0.000000,0.000000,0.608000,0.018000,9.515998,6425,0.000000,0.000000,-2.223000,0.260000,5.518000,6426,0.000000,0.000000,2.687000,0.155000,7.259997,6427,0.000000,0.000000,0.538000,0.193000,8.221000,6428,0.000000,0.000000,-1.165000,-0.018000,3.639000, 
451, 225500,0, 
452, 226000,0, 
453, 226500,0, 
454, 227000,0, 
455, 227500,0, 
456, 228000,0, 
457, 228500,0, 
458, 229000,0, 
459, 229500,0, 
460, 230000,0, 
461, 230500,0, 
462, 231000,0, 
463, 231500,0, 
464, 232000,0, 
465, 232500,14,6629,1.000000,0.017000,1.733000,-0.122000,3.950000,6640,0.000000,0.000000,0.953000,-0.018000,5.499000,6641,0.000000,0.000000,-0.603000,0.088000,5.584000,6642,0.000000,0.000000,-2.776000,-0.087000,10.268999,6643,0.000000,0.000000,-0.639000,-0.053000,5.682999,6644,0.000000,0.000000,1.767000,0.261000,5.965999,6645,0.000000,0.000000,-0.669000,0.018000,5.658998,6620,2.000000,0.049000,1.653000,0.052000,6.468000,6646,0.000000,0.000000,-2.522000,0.257000,5.091000,6647,0.000000,0.000000,1.849000,0.227000,5.884000,6648,0.000000,0.000000,1.405000,0.192000,6.400000,6649,0.000000,0.000000,-1.896383,0.000000,3.797083,6650,0.000000,0.000000,-1.916000,-0.157000,5.330998,6651,0.000000,0.000000,-0.582000,0.159000,5.716001, 
466, 233000,0, 
467, 233500,0, 
468, 234000,0, 
469, 234500,0, 
470, 235000,0, 
471, 235500,0, 
472, 236000,0, 
473, 236500,0, 
474, 237000,0, 
475, 237500,0, 
476, 238000,0, 
477, 238500,0, 
478, 239000,0, 
479, 239500,0, 
480, 240000,19,6878,0.000000,0.000000,1.173000,-0.053000,3.934000,6879,0.000000,0.000000,-3.031000,0.052000,10.147999,6880,0.000000,0.000000,-0.656000,-0.053000,10.269994,6881,0.000000,0.000000,1.347000,-0.122000,3.826999,6882,0.000000,0.000000,1.673000,-0.226000,3.805000,6860,2.000000,0.017000,-2.208000,-0.087000,7.552000,6883,0.000000,0.000000,-2.100071,0.000000,4.496652,6884,0.000000,0.000000,2.167000,-0.017000,5.305000,6885,0.000000,0.000000,2.236000,-0.189000,4.676000,6886,0.000000,0.000000,-1.320000,0.158000,8.947000,6887,0.000000,0.000000,0.644000,-0.197000,4.555000,6888,0.000000,0.000000,0.465000,-0.053000,15.029998,6889,0.000000,0.000000,3.115000,-0.017000,15.610994,6891,0.000000,0.000000,1.434000,-0.122000,3.880000,6892,0.000000,0.000000,-1.038000,-0.088000,9.956998,6893,0.000000,0.000000,3.141000,0.122000,10.693996,6895,0.000000,0.000000,0.453000,0.262000,5.401999,6896,0.000000,0.000000,-1.105000,0.122000,9.937000,6897,0.000000,0.000000,-2.298000,-0.087000,7.769001, 
481, 240500,0, 
482, 241000,0, 
483, 241500,0, 
484, 242000,0, 
485, 242500,0, 
486, 243000,0, 
487, 243500,0, 
488, 244000,0, 
489, 244500,0, 
490, 245000,0, 
491, 245500,0, 
492, 246000,0, 
493, 246500,0, 
494, 247000,0, 
495, 247500,12,7094,0.000000,0.000000,-1.886713,0.000000,8.459748,7095,0.000000,0.000000,3.026000,0.122000,10.729001,7097,0.000000,0.000000,1.120000,-0.088000,3.077000,7098,0.000000,0.000000,-2.956000,0.052000,7.586997,7099,0.000000,0.000000,-1.140920,0.000000,7.631302,7100,0.000000,0.000000,-0.701000,-0.089000,7.241001,7101,0.000000,0.000000,-0.441000,0.053000,9.457999,7102,0.000000,0.000000,1.533000,-0.052000,2.926000,7103,0.000000,0.000000,2.207000,0.157000,6.728000,7104,0.000000,0.000000,-3.023000,-0.052000,8.670997,7056,3.000000,0.035000,1.288000,-0.017000,2.990000,7105,0.000000,0.000000,0.277000,-0.018000,22.077993, 
496, 248000,0, 
497, 248500,0, 
498, 249000,0, 
499, 249500,0, 
500, 250000,0, 
501, 250500,0, 
502, 251000,0, 
503, 251500,0, 
504, 252000,0, 
505, 252500,0, 
506, 253000,0, 
507, 253500,0, 
508, 254000,0, 
509, 254500,0, 
510, 255000,14,7303,0.000000,0.000000,-3.140000,0.087000,12.904003,7306,0.000000,0.000000,-1.993000,0.017000,6.260999,7250,4.000000,0.049000,1.509000,-0.017000,7.201999,7307,0.000000,0.000000,2.082000,-0.087000,3.219000,7308,0.000000,0.000000,-1.002000,-0.158000,5.425002,7309,0.000000,0.000000,1.527000,-0.262000,3.435000,7310,0.000000,0.000000,3.139000,0.017000,13.177000,7311,0.000000,0.000000,2.201000,-0.120000,3.300000,7312,0.000000,0.000000,-2.167000,0.017000,11.354001,7313,0.000000,0.000000,-0.628000,-0.088000,6.451000,7315,0.000000,0.000000,0.219000,-0.053000,14.692996,7318,0.000000,0.000000,-3.027000,-0.052000,14.887002,7320,0.000000,0.000000,-2.654000,-0.052000,11.862000,7321,0.000000,0.000000,1.703000,-0.261000,3.408999, 
511, 255500,0, 
512, 256000,0, 
513, 256500,0, 
514, 257000,0, 
515, 257500,0, 
516, 258000,0, 
517, 258500,0, 
518, 259000,0, 
519, 259500,0, 
520, 260000,0, 
521, 260500,0, 
522, 261000,11,7500,0.000000,0.000000,1.525000,-0.052000,3.322000,7501,0.000000,0.000000,0.431000,0.017000,12.510996,7503,0.000000,0.000000,-2.084671,0.000000,5.126843,7504,0.000000,0.000000,0.551000,-0.052000,13.273001,7505,0.000000,0.000000,2.891000,-0.017000,17.847994,7506,0.000000,0.000000,2.691000,-0.052000,16.233999,7507,0.000000,0.000000,-2.683000,0.017000,9.370996,7508,0.000000,0.000000,-0.866783,0.000000,6.538470,7509,0.000000,0.000000,1.662000,0.017000,3.324999,7510,0.000000,0.000000,1.991000,0.017000,9.358002,7511,0.000000,0.000000,-1.389000,0.018000,7.686000, 
523, 261500,0, 
524, 262000,0, 
525, 262500,0, 
526, 263000,0, 
527, 263500,0, 
528, 264000,0, 
529, 264500,0, 
530, 265000,0, 
531, 265500,0, 
532, 266000,0, 
533, 266500,0, 
534, 267000,0, 
535, 267500,0, 
536, 268000,0, 
537, 268500,0, 
538, 269000,0, 
539, 269500,0, 
540, 270000,16,7800,0.000000,0.000000,2.661000,0.157000,11.161000,7801,0.000000,0.000000,-0.430000,0.193000,9.792000,7730,4.000000,0.048000,-1.591000,-0.157000,3.759001,7802,0.000000,0.000000,2.247000,0.017000,6.147000,7803,0.000000,0.000000,-0.645000,-0.089000,6.145001,7804,0.000000,0.000000,-1.692000,-0.122000,3.773998,7805,0.000000,0.000000,2.066000,-0.121000,6.934001,7780,2.000000,0.041000,1.688000,0.192000,8.097999,7776,2.000000,0.046000,2.818000,-0.017000,24.287001,7806,0.000000,0.000000,-2.102000,-0.191000,4.359001,7807,0.000000,0.000000,0.522000,0.157000,8.722001,7808,0.000000,0.000000,0.870000,-0.122000,7.051004,7809,0.000000,0.000000,1.985000,-0.017000,8.066998,7810,0.000000,0.000000,2.574000,-0.086000,6.852000,7811,0.000000,0.000000,0.789000,-0.052000,9.567997,7813,0.000000,0.000000,0.685000,-0.122000,7.374001, 
541, 270500,0, 
542, 271000,0, 
543, 271500,0, 
544, 272000,0, 
545, 272500,0, 
546, 273000,0, 
547, 273500,0, 
548, 274000,0, 
549, 274500,0, 
550, 275000,0, 
551, 275500,0, 
552, 276000,0, 
553, 276500,0, 
554, 277000,0, 
555, 277500,21,8058,0.000000,0.000000,-2.348000,-0.052000,3.165003,8059,0.000000,0.000000,2.164000,0.192000,10.410000,8060,0.000000,0.000000,0.823000,-0.199000,2.812002,8061,0.000000,0.000000,-1.411000,-0.123000,3.286000,8062,0.000000,0.000000,2.568000,0.156000,5.217001,8063,0.000000,0.000000,2.488000,0.017000,11.680000,8065,0.000000,0.000000,1.460000,-0.192000,4.638000,8048,1.000000,0.039000,-1.377220,0.000000,2.839875,8066,0.000000,0.000000,-1.014000,0.194000,6.400001,8068,0.000000,0.000000,-0.987000,-0.088000,4.292003,8070,0.000000,0.000000,-0.665000,-0.123000,4.857000,8071,0.000000,0.000000,-0.502000,-0.053000,6.344996,8072,0.000000,0.000000,1.813000,-0.156000,5.761002,8073,0.000000,0.000000,-1.083000,-0.088000,4.937002,8074,0.000000,0.000000,1.309000,-0.193000,4.640999,8076,0.000000,0.000000,2.446000,0.087000,11.471004,8077,0.000000,0.000000,2.960000,-0.017000,29.988018,8079,0.000000,0.000000,-3.124000,-0.017000,28.151005,8080,0.000000,0.000000,-3.058000,-0.017000,28.672007,8081,0.000000,0.000000,0.424000,-0.125000,5.173999,8082,0.000000,0.000000,-0.591000,0.194000,5.506999, 
556, 278000,0, 
557, 278500,0, 
558, 279000,0, 
559, 279500,0, 
560, 280000,0, 
561, 280500,0, 
562, 281000,0, 
563, 281500,0, 
564, 282000,0, 
565, 282500,0, 
566, 283000,0, 
567, 283500,0, 
568, 284000,0, 
569, 284500,0, 
570, 285000,0, 
571, 285500,0, 
572, 286000,0, 
573, 286500,0, 
574, 287000,0, 
575, 287500,0, 
576, 288000,19,8381,0.000000,0.000000,-1.572000,-0.087000,3.465001,8382,0.000000,0.000000,-0.819000,0.053000,5.643000,8383,0.000000,0.000000,-1.608000,-0.262000,3.462002,8384,0.000000,0.000000,0.485000,0.017000,10.552000,8386,0.000000,0.000000,1.025000,-0.192000,4.680000,8387,0.000000,0.000000,2.705000,-0.017000,3.758001,8388,0.000000,0.000000,0.504000,0.193000,10.143999,8389,0.000000,0.000000,-0.726000,-0.125000,5.242000,8390,0.000000,0.000000,1.033000,0.088000,8.953000,8391,0.000000,0.000000,0.490000,-0.087000,9.546000,8392,0.000000,0.000000,2.414000,0.017000,4.515000,8393,0.000000,0.000000,-0.653000,0.053000,6.767004,8394,0.000000,0.000000,-0.974000,0.053000,5.507001,8395,0.000000,0.000000,-1.217000,0.228000,5.931003,8396,0.000000,0.000000,-0.519000,-0.123000,6.690001,8397,0.000000,0.000000,-2.023000,-0.087000,3.929001,8398,0.000000,0.000000,-0.398000,0.158000,11.712998,8399,0.000000,0.000000,-0.650000,0.124000,6.803000,8400,0.000000,0.000000,-2.050000,0.156000,7.265000, 
577, 288500,0, 
578, 289000,0, 
579, 289500,0, 
580, 290000,0, 
581, 290500,0, 
582, 291000,16,8484,0.000000,0.000000,-0.779000,0.053000,6.952999,8485,0.000000,0.000000,-0.506000,0.018000,11.174002,8486,0.000000,0.000000,0.310000,0.227000,8.511001,8487,0.000000,0.000000,0.303000,0.018000,13.447002,8488,0.000000,0.000000,-1.234056,0.000000,3.986732,8489,0.000000,0.000000,2.671000,0.052000,6.170999,8490,0.000000,0.000000,-1.744325,0.000000,4.661298,8491,0.000000,0.000000,-1.484000,0.017000,4.846000,8492,0.000000,0.000000,1.656000,-0.227000,3.886000,8493,0.000000,0.000000,1.259000,0.192000,7.755000,8494,0.000000,0.000000,-2.511000,0.189000,5.417999,8495,0.000000,0.000000,-2.511000,-0.121000,5.524000,8496,0.000000,0.000000,2.698000,-0.017000,5.155000,8497,0.000000,0.000000,-0.663000,-0.123000,6.835999,8498,0.000000,0.000000,2.413000,0.259000,6.467000,8499,0.000000,0.000000,-1.057000,-0.089000,4.496998, 
583, 291500,0, 
584, 292000,0, 
585, 292500,0, 
586, 293000,0, 
587, 293500,0, 
588, 294000,0, 
589, 294500,0, 
590, 295000,0, 
591, 295500,0, 
592, 296000,0, 
593, 296500,0, 
594, 297000,0, 
595, 297500,0, 
596, 298000,0, 
597, 298500,0, 
598, 299000,0, 
599, 299500,0, 
600, 300000,0, 
601, 300500,0, 
602, 301000,0, 
603, 301500,0, 
604, 302000,0, 
605, 302500,0, 
606, 303000,0, 
607, 303500,0, 
608, 304000,0, 
609, 304500,21,9009,0.000000,0.000000,1.135000,0.088000,5.649005,9011,0.000000,0.000000,0.272000,-0.018000,7.843000,9013,0.000000,0.000000,0.104000,0.052000,9.079999,9014,0.000000,0.000000,1.617000,-0.157000,5.474001,9015,0.000000,0.000000,1.103000,-0.194000,4.585001,8906,5.000000,0.020000,-1.522000,-0.017000,6.022999,9016,0.000000,0.000000,0.915000,0.053000,5.060000,9017,0.000000,0.000000,-2.747000,-0.052000,8.345000,9019,0.000000,0.000000,-2.560000,0.156000,10.523002,9020,0.000000,0.000000,-1.535000,-0.122000,6.020001,9021,0.000000,0.000000,0.994000,-0.194000,4.656000,9023,0.000000,0.000000,-2.055953,0.000000,3.751254,9024,0.000000,0.000000,2.385000,0.261000,7.620000,9025,0.000000,0.000000,2.793000,-0.086000,9.135001,9026,0.000000,0.000000,-0.673000,-0.018000,12.363000,9027,0.000000,0.000000,-2.276000,0.191000,9.891000,9028,0.000000,0.000000,-1.840000,0.191000,8.151999,9029,0.000000,0.000000,1.177000,-0.193000,4.585001,9030,0.000000,0.000000,-1.889000,0.052000,5.573999,9031,0.000000,0.000000,-1.666000,0.087000,7.180001,9032,0.000000,0.000000,-1.794000,-0.087000,8.665000, 
610, 305000,0, 
611, 305500,0, 
612, 306000,0, 
613, 306500,0, 
614, 307000,0, 
615, 307500,0, 
616, 308000,0, 
617, 308500,0, 
618, 309000,0, 
619, 309500,0, 
620, 310000,0, 
621, 310500,0, 
622, 311000,0, 
623, 311500,0, 
624, 312000,0, 
625, 312500,0, 
626, 313000,0, 
627, 313500,0, 
628, 314000,0, 
629, 314500,0, 
630, 315000,14,9367,0.000000,0.000000,2.369000,0.017000,5.839001,9368,0.000000,0.000000,-0.932000,-0.018000,7.890000,9369,0.000000,0.000000,-1.344000,-0.053000,8.501000,9370,0.000000,0.000000,1.394167,0.000000,1.628416,9371,0.000000,0.000000,3.038000,0.017000,4.092999,9346,2.000000,0.019000,-1.541000,-0.017000,8.188000,9372,0.000000,0.000000,-2.578000,-0.086000,8.423999,9373,0.000000,0.000000,0.632000,-0.197000,2.552002,9375,0.000000,0.000000,-1.458000,0.052000,8.376001,9376,0.000000,0.000000,-2.573000,0.156000,8.550000,9377,0.000000,0.000000,2.294000,0.052000,6.824000,9378,0.000000,0.000000,-2.497000,0.226000,8.842999,9379,0.000000,0.000000,-1.614000,-0.017000,8.199000,9380,0.000000,0.000000,-1.681000,0.017000,8.228001, 
631, 315500,0, 
632, 316000,0, 
633, 316500,0, 
634, 317000,0, 
635, 317500,0, 
636, 318000,0, 
637, 318500,0, 
638, 319000,0, 
639, 319500,0, 
640, 320000,0, 
641, 320500,0, 
642, 321000,9,9542,0.000000,0.000000,2.187001,-0.254000,1.969999,9543,0.000000,0.000000,2.447001,0.050000,1.976999,9544,0.000000,0.000000,0.601000,-0.090000,3.533000,9546,0.000000,0.000000,-1.872000,-0.157000,5.690999,9548,0.000000,0.000000,0.623000,-0.232000,3.508001,9549,0.000000,0.000000,1.632000,0.262000,7.243000,9550,0.000000,0.000000,2.163000,0.261000,5.896000,9551,0.000000,0.000000,-1.629000,-0.157000,5.674999,9553,0.000000,0.000000,2.023000,-0.086000,2.611002, 
643, 321500,0, 
644, 322000,0, 
645, 322500,0, 
646, 323000,0, 
647, 323500,0, 
648, 324000,0, 
649, 324500,0, 
650, 325000,0, 
651, 325500,0, 
652, 326000,0, 
653, 326500,0, 
654, 327000,10,9583,9.000000,0.043000,-1.575000,0.052000,6.507999,9698,0.000000,0.000000,1.169000,-0.018000,1.968001,9699,0.000000,0.000000,-2.780000,-0.017000,17.240999,9700,0.000000,0.000000,2.527000,-0.052000,9.131000,9701,0.000000,0.000000,0.285000,0.018000,10.279003,9703,0.000000,0.000000,-0.293000,-0.018000,16.083998,9704,0.000000,0.000000,-1.719675,0.000000,6.279967,9705,0.000000,0.000000,0.979000,-0.017000,8.058003,9706,0.000000,0.000000,-1.848000,0.122000,6.852002,9707,0.000000,0.000000,-2.344000,-0.017000,11.523004, 
655, 327500,0, 
656, 328000,0, 
657, 328500,0, 
658, 329000,0, 
659, 329500,0, 
660, 330000,0, 
661, 330500,0, 
662, 331000,0, 
663, 331500,0, 
664, 332000,0, 
665, 332500,0, 
666, 333000,12,9583,21.000000,0.026000,-1.562000,0.017000,6.304999,9837,0.000000,0.000000,1.156000,-0.122000,4.514002,9838,0.000000,0.000000,1.040000,0.192000,6.262998,9839,0.000000,0.000000,-0.402000,0.017000,11.914003,9705,12.000000,0.019000,1.581000,-0.052000,6.764001,9840,0.000000,0.000000,-0.545000,-0.122000,6.640000,9841,0.000000,0.000000,2.686000,-0.087000,4.564998,9842,0.000000,0.000000,0.933000,0.157000,6.523001,9844,0.000000,0.000000,1.090000,0.017000,6.567001,9845,0.000000,0.000000,1.837463,0.000000,3.713706,9847,0.000000,0.000000,2.996000,0.052000,8.165002,9848,0.000000,0.000000,0.694000,-0.017000,18.836000, 
667, 333500,0, 
668, 334000,0, 
669, 334500,0, 
670, 335000,0, 
671, 335500,0, 
672, 336000,0, 
673, 336500,0, 
674, 337000,0, 
675, 337500,0, 
676, 338000,0, 
677, 338500,0, 
678, 339000,0, 
679, 339500,0, 
680, 340000,0, 
681, 340500,15,10053,0.000000,0.000000,1.006136,0.000000,3.676280,10054,0.000000,0.000000,-2.209000,0.052000,7.491001,10055,0.000000,0.000000,0.074000,-0.192000,4.700002,10056,0.000000,0.000000,0.598000,-0.227000,3.910002,10057,0.000000,0.000000,-1.227000,-0.052000,13.690000,10059,0.000000,0.000000,-2.359000,-0.052000,7.413000,10060,0.000000,0.000000,3.141000,0.017000,10.613998,10061,0.000000,0.000000,1.628000,-0.122000,6.388000,10062,0.000000,0.000000,0.260001,-0.052000,5.053999,10063,0.000000,0.000000,0.344000,0.052000,13.517003,10064,0.000000,0.000000,-0.678000,-0.018000,13.678000,10065,0.000000,0.000000,-1.191000,0.017000,13.006000,10066,0.000000,0.000000,0.723000,-0.227000,3.911001,10067,0.000000,0.000000,-1.731000,0.017000,9.094000,10068,0.000000,0.000000,-0.342000,-0.018000,11.145996, 
682, 341000,0, 
683, 341500,0, 
684, 342000,0, 
685, 342500,0, 
686, 343000,0, 
687, 343500,0, 
688, 344000,0, 
689, 344500,0, 
690, 345000,10,10173,1.000000,0.041000,2.009000,0.086000,2.835001,10194,0.000000,0.000000,-2.689923,0.000000,10.243803,10195,0.000000,0.000000,-0.092000,0.017000,9.252004,10196,0.000000,0.000000,-0.071000,0.195000,7.878999,10197,0.000000,0.000000,-2.901488,0.000000,10.416259,10199,0.000000,0.000000,0.152000,0.227000,7.579000,10201,0.000000,0.000000,2.022000,-0.225000,3.983998,10203,0.000000,0.000000,-0.883000,0.158000,11.391003,10204,0.000000,0.000000,-1.360999,0.053000,3.377001,10208,0.000000,0.000000,1.637000,0.227000,7.902999, 
691, 345500,0, 
692, 346000,0, 
693, 346500,0, 
694, 347000,0, 
695, 347500,0, 
696, 348000,18,10256,2.000000,0.038000,3.129001,-0.221000,4.003998,10288,0.000000,0.000000,0.009000,0.052000,7.177999,10289,0.000000,0.000000,1.865998,0.190001,0.527997,10290,0.000000,0.000000,-2.562000,0.052000,3.844998,10291,0.000000,0.000000,3.096000,0.087000,13.415998,10292,0.000000,0.000000,-2.255000,-0.052000,10.915997,10293,0.000000,0.000000,-2.169000,-0.086000,7.841000,10294,0.000000,0.000000,-1.159000,0.091000,1.508001,10295,0.000000,0.000000,1.327000,-0.087000,7.103999,10296,0.000000,0.000000,-3.104000,-0.221000,3.964001,10297,0.000000,0.000000,0.731000,-0.017000,6.138000,10298,0.000000,0.000000,0.116000,-0.052000,15.629992,10299,0.000000,0.000000,2.303000,0.017000,10.683002,10300,0.000000,0.000000,2.542000,-0.190000,2.667999,10301,0.000000,0.000000,-2.628999,-0.221000,3.949000,10302,0.000000,0.000000,2.475000,-0.017000,2.718999,10303,0.000000,0.000000,2.159000,0.087000,6.659000,10304,0.000000,0.000000,1.407000,0.227000,8.724000, 
697, 348500,0, 
698, 349000,0, 
699, 349500,9,10341,0.000000,0.000000,2.055001,-0.155000,2.719000,10342,0.000000,0.000000,3.141000,-0.120000,7.367001,10343,0.000000,0.000000,-0.512000,0.018000,8.584002,10295,3.000000,0.049000,1.563000,-0.087000,7.009002,10345,0.000000,0.000000,-1.852508,0.000000,1.375963,10346,0.000000,0.000000,-1.872000,-0.052000,11.958002,10347,0.000000,0.000000,1.968001,0.153999,0.521002,10348,0.000000,0.000000,1.955000,-0.121000,2.734002,10349,0.000000,0.000000,-1.293000,0.087000,11.291997, 
700, 350000,0, 
701, 350500,0, 
702, 351000,0, 
703, 351500,0, 
704, 352000,0, 
705, 352500,0, 
706, 353000,0, 
707, 353500,0, 
708, 354000,11,10470,0.000000,0.000000,3.133000,-0.087000,9.310000,10471,0.000000,0.000000,1.469000,-0.192000,4.447004,10473,0.000000,0.000000,2.497000,0.258000,6.269997,10474,0.000000,0.000000,2.572000,0.258000,6.212001,10475,0.000000,0.000000,-2.930000,-0.087000,9.133000,10476,0.000000,0.000000,1.648000,0.017000,7.868002,10477,0.000000,0.000000,-2.784000,0.051000,3.630998,10478,0.000000,0.000000,0.829999,-0.125000,2.211999,10481,0.000000,0.000000,2.892000,0.087000,19.472998,10482,0.000000,0.000000,-0.456000,0.229000,6.660999,10483,0.000000,0.000000,0.232000,0.262000,6.440001, 
709, 354500,0, 
710, 355000,0, 
711, 355500,0, 
712, 356000,0, 
713, 356500,0, 
714, 357000,10,10550,0.000000,0.000000,3.141000,-0.017000,18.313995,10551,0.000000,0.000000,-1.504000,-0.017000,2.359001,10552,0.000000,0.000000,2.438000,0.122000,7.758000,10553,0.000000,0.000000,-3.024001,0.017000,3.841000,10554,0.000000,0.000000,-2.589000,0.017000,3.766000,10555,0.000000,0.000000,-1.818000,0.192000,8.950001,10556,0.000000,0.000000,1.749000,0.157000,1.341999,10557,0.000000,0.000000,-0.395000,-0.018000,10.632001,10559,0.000000,0.000000,2.082000,-0.121000,4.989998,10560,0.000000,0.000000,-2.322000,-0.017000,24.181000, 
715, 357500,0, 
716, 358000,0, 
717, 358500,12,10589,0.000000,0.000000,3.139000,-0.017000,19.254000,10590,0.000000,0.000000,2.456000,0.086000,8.625998,10591,0.000000,0.000000,-1.988000,0.225000,7.945996,10579,1.000000,0.028000,-2.629000,0.017000,3.642999,10592,0.000000,0.000000,-0.519000,0.018000,9.663001,10593,0.000000,0.000000,-0.147000,0.018000,8.301004,10594,0.000000,0.000000,-2.605000,-0.190000,3.616001,10596,0.000000,0.000000,-0.324000,0.229000,8.548999,10597,0.000000,0.000000,-2.754000,-0.017000,21.552002,10598,0.000000,0.000000,-2.917000,-0.121000,7.317999,10599,0.000000,0.000000,-0.070000,0.229000,8.489001,10600,0.000000,0.000000,-0.726000,-0.018000,11.598999, 
718, 359000,0, 
719, 359500,0, 
720, 360000,0, 
721, 360500,0, 
722, 361000,0, 
723, 361500,5,10644,0.000000,0.000000,-1.982000,-0.052000,5.554999,10645,0.000000,0.000000,0.594000,-0.017000,6.784007,10646,0.000000,0.000000,-2.867001,-0.224000,3.243999,10647,0.000000,0.000000,-1.789000,0.052000,9.015003,10648,0.000000,0.000000,0.316000,0.017000,9.222000, 
724, 362000,0, 
725, 362500,0, 
726, 363000,0, 
727, 363500,0, 
728, 364000,0, 
729, 364500,0, 
730, 365000,0, 
731, 365500,0, 
732, 366000,0, 
733, 366500,0, 
734, 367000,0, 
735, 367500,8,10762,0.000000,0.000000,-0.821999,0.018000,2.141000,10763,0.000000,0.000000,0.101000,-0.262000,3.026000,10764,0.000000,0.000000,0.883000,-0.088000,4.729000,10765,0.000000,0.000000,3.117000,0.052000,6.175001,10766,0.000000,0.000000,0.384000,0.054000,3.161001,10767,0.000000,0.000000,-2.843000,-0.017000,8.873001,10768,0.000000,0.000000,-1.988000,-0.052000,7.770998,10769,0.000000,0.000000,-2.843000,0.052000,8.869997, 
736, 368000,0, 
737, 368500,0, 
738, 369000,0, 
739, 369500,0, 
740, 370000,0, 
741, 370500,0, 
742, 371000,0, 
743, 371500,0, 
744, 372000,9,10846,0.000000,0.000000,1.089998,-0.017000,1.117000,10847,0.000000,0.000000,-0.414000,-0.204000,1.815000,10848,0.000000,0.000000,3.088000,-0.052000,2.347996,10849,0.000000,0.000000,-0.431000,0.056000,1.833998,10850,0.000000,0.000000,-0.363000,0.167000,1.847000,10851,0.000000,0.000000,-2.497000,0.017000,6.481000,10852,0.000000,0.000000,1.985000,0.260000,7.167997,10853,0.000000,0.000000,1.493999,0.262000,6.114999,10854,0.000000,0.000000,2.052999,-0.052000,8.764994, 
745, 372500,0, 
746, 373000,0, 
747, 373500,13,10878,0.000000,0.000000,-1.087001,0.055000,1.312002,10879,0.000000,0.000000,2.726999,-0.086000,2.034001,10880,0.000000,0.000000,-0.733001,-0.132000,1.275001,10881,0.000000,0.000000,3.043000,0.017000,7.433000,10882,0.000000,0.000000,1.940000,-0.087000,10.165001,10883,0.000000,0.000000,1.775000,-0.087000,10.114999,10884,0.000000,0.000000,1.800000,0.262000,7.510999,10885,0.000000,0.000000,0.239000,0.232000,5.598001,10886,0.000000,0.000000,2.093000,0.261000,7.518001,10887,0.000000,0.000000,2.194000,0.261000,7.519999,10888,0.000000,0.000000,0.216000,0.018000,5.475999,10889,0.000000,0.000000,1.084787,0.000000,0.910728,10890,0.000000,0.000000,2.750999,0.224000,2.274002, 
748, 374000,0, 
749, 374500,0, 
750, 375000,0, 
751, 375500,0, 
752, 376000,0, 
753, 376500,8,10915,0.000000,0.000000,-3.135000,0.017000,2.457000,10880,6.000000,0.044000,-1.693000,-0.121000,1.239998,10899,4.000000,0.029000,-1.641000,0.052000,1.379002,10916,0.000000,0.000000,3.032999,0.155000,2.481001,10917,0.000000,0.000000,3.070001,0.259000,2.490999,10918,0.000000,0.000000,1.466592,0.000000,0.481282,10919,0.000000,0.000000,-0.241000,-0.018000,3.396000,10920,0.000000,0.000000,-3.139000,-0.120000,2.567001, 
754, 377000,0, 
755, 377500,0, 
756, 378000,0, 
757, 378500,0, 
758, 379000,0, 
759, 379500,9,10942,0.000000,0.000000,0.283001,-0.019000,1.560999,10943,0.000000,0.000000,-0.209000,-0.053000,2.279001,10944,0.000000,0.000000,0.718000,-0.053000,1.403999,10945,0.000000,0.000000,0.514000,0.018000,1.371000,10946,0.000000,0.000000,2.246999,0.155001,0.760997,10947,0.000000,0.000000,0.081999,-0.090000,1.633000,10948,0.000000,0.000000,0.707000,0.090000,1.410999,10949,0.000000,0.000000,-0.213000,0.055000,2.281001,10950,0.000000,0.000000,-1.642000,0.017000,3.477999, 
760, 380000,0, 
761, 380500,0, 
762, 381000,5,10967,0.000000,0.000000,-2.207000,-0.087000,2.465999,10968,0.000000,0.000000,2.088999,-0.188000,1.535000,10969,0.000000,0.000000,0.094000,-0.018000,1.829000,10970,0.000000,0.000000,1.419714,0.000000,1.214271,10971,0.000000,0.000000,-1.574000,0.262000,6.935001, 
763, 381500,0, 
764, 382000,0, 
765, 382500,4,10990,0.000000,0.000000,-2.569000,0.052000,2.311998,10991,0.000000,0.000000,2.193000,0.085000,1.504999,10992,0.000000,0.000000,3.133000,0.017000,2.357002,10993,0.000000,0.000000,1.215999,0.195000,1.309001, 
766, 383000,0, 
767, 383500,0, 
768, 384000,0, 
769, 384500,0, 
770, 385000,0, 
771, 385500,7,10978,8.000000,0.038000,1.593000,0.052000,0.982000,10985,7.000000,0.016000,-1.779001,-0.257000,0.746000,11015,0.000000,0.000000,-3.132000,0.121000,2.993000,10996,4.000000,0.028000,-1.572000,0.017000,2.524001,11016,0.000000,0.000000,3.107000,0.086000,2.918999,11017,0.000000,0.000000,-2.813000,-0.052000,2.383999,11013,1.000000,0.042000,-1.475999,-0.233000,0.767000, 
772, 386000,0, 
773, 386500,0, 
774, 387000,8,11019,2.000000,0.049000,1.505000,-0.053000,0.733001,10996,7.000000,0.046000,-1.595000,0.017000,2.566996,11027,0.000000,0.000000,-3.112999,-0.017000,2.735001,11022,1.000000,0.018000,-1.645001,-0.226000,0.792000,11028,0.000000,0.000000,-2.808000,0.052000,4.257999,11029,0.000000,0.000000,-3.139000,0.190000,2.890000,11030,0.000000,0.000000,-0.766001,0.018000,3.887002,11031,0.000000,0.000000,3.137000,0.190000,2.856000, 
775, 387500,0, 
776, 388000,0, 
777, 388500,0, 
778, 389000,0, 
779, 389500,0, 
780, 390000,8,11034,4.000000,0.023000,1.643999,-0.052000,0.874001,11051,1.000000,0.046000,3.025000,-0.052000,2.869001,11059,0.000000,0.000000,0.076000,-0.089000,2.456000,11060,0.000000,0.000000,-3.140000,0.017000,3.071001,11036,4.000000,0.022000,-1.401000,-0.196000,0.892998,11061,0.000000,0.000000,-0.929000,0.018000,2.829999,11062,0.000000,0.000000,-2.977000,0.122000,6.029000,11063,0.000000,0.000000,2.779000,0.155000,1.789999, 
781, 390500,0, 
782, 391000,0, 
783, 391500,0, 
784, 392000,0, 
785, 392500,0, 
786, 393000,6,11094,0.000000,0.000000,0.677000,-0.088000,0.896000,11081,2.000000,0.019000,-3.141000,-0.120000,2.437000,11095,0.000000,0.000000,2.351156,0.000000,1.597331,11022,13.000000,0.021000,-2.104001,-0.221000,0.910999,11096,0.000000,0.000000,0.686998,0.193000,0.909000,11097,0.000000,0.000000,3.134000,-0.258000,2.525000, 
787, 393500,0, 
788, 394000,0, 
789, 394500,11,11081,5.000000,0.015000,-3.102000,-0.086000,2.468001,11098,2.000000,0.040000,-3.082000,0.155000,2.607000,11110,0.000000,0.000000,-0.837000,-0.053000,5.270998,11111,0.000000,0.000000,-1.105000,-0.053000,5.160000,11112,0.000000,0.000000,1.708394,0.000000,1.776145,11114,0.000000,0.000000,0.267000,-0.053000,7.572000,11115,0.000000,0.000000,0.362000,0.018000,11.457997,11116,0.000000,0.000000,3.138999,-0.086000,2.507999,11117,0.000000,0.000000,-1.803999,-0.188000,1.305001,11118,0.000000,0.000000,-3.095000,-0.189000,2.589000,11119,0.000000,0.000000,-2.677000,-0.017000,8.558001, 
790, 395000,0, 
791, 395500,0, 
792, 396000,5,11135,0.000000,0.000000,-1.975627,0.000000,1.208798,11136,0.000000,0.000000,-0.190000,0.054000,3.131998,11137,0.000000,0.000000,0.415000,0.018000,10.410995,11138,0.000000,0.000000,2.134000,-0.085000,2.230001,11139,0.000000,0.000000,3.041000,-0.224000,2.655001, 
793, 396500,0, 
794, 397000,0, 
795, 397500,0, 
796, 398000,0, 
797, 398500,0, 
798, 399000,0, 
799, 399500,0, 
800, 400000,0, 
801, 400500,0, 
802, 401000,0, 
803, 401500,0, 
804, 402000,5,11254,0.000000,0.000000,2.303000,-0.017000,1.419000,11255,0.000000,0.000000,-0.676723,0.000000,2.034567,11256,0.000000,0.000000,-1.795000,0.017000,7.921999,11257,0.000000,0.000000,1.794000,-0.226000,1.248999,11258,0.000000,0.000000,0.427999,0.163000,1.883000, 
805, 402500,0, 
806, 403000,0, 
807, 403500,0, 
808, 404000,0, 
809, 404500,0, 
810, 405000,0, 
811, 405500,0, 
812, 406000,0, 
813, 406500,10,11350,0.000000,0.000000,1.634000,-0.017000,1.069999,11351,0.000000,0.000000,0.689999,0.157000,1.892999,11352,0.000000,0.000000,2.875000,0.153000,3.555001,11353,0.000000,0.000000,-0.651970,0.000000,1.663953,11340,1.000000,0.031000,-1.593000,-0.017000,13.345000,11354,0.000000,0.000000,0.053000,-0.017000,13.064003,11355,0.000000,0.000000,-2.362446,0.000000,1.979572,11356,0.000000,0.000000,1.638000,0.192000,1.080998,11357,0.000000,0.000000,1.359000,-0.231000,1.267002,11358,0.000000,0.000000,2.951000,-0.017000,4.433000, 
814, 407000,0, 
815, 407500,0, 
816, 408000,0, 
817, 408500,0, 
818, 409000,0, 
819, 409500,0, 
820, 410000,0, 
821, 410500,0, 
822, 411000,8,11398,4.000000,0.027000,1.506000,-0.017000,1.019000,11294,14.000000,0.031000,-2.983999,-0.017000,3.503999,11437,0.000000,0.000000,0.515000,0.157000,2.387000,11438,0.000000,0.000000,2.532000,-0.259000,2.615000,11439,0.000000,0.000000,-2.446575,0.000000,1.325565,11440,0.000000,0.000000,-1.356000,0.227000,7.836000,11441,0.000000,0.000000,2.797000,0.017000,3.745000,11442,0.000000,0.000000,-0.883916,0.000000,1.251667, 
823, 411500,0, 
824, 412000,0, 
825, 412500,0, 
826, 413000,0, 
827, 413500,0, 
828, 414000,12,11473,1.000000,0.035000,1.592000,-0.017000,1.130000,11483,0.000000,0.000000,0.648001,-0.053000,1.356001,11440,6.000000,0.040000,-1.655000,0.262000,7.709000,11484,0.000000,0.000000,-2.462928,0.000000,1.630524,11474,1.000000,0.036000,1.721000,0.157000,1.128999,11485,0.000000,0.000000,1.322000,0.193000,1.128001,11486,0.000000,0.000000,2.112999,0.118000,1.256001,11487,0.000000,0.000000,-1.219419,0.000000,1.288480,11488,0.000000,0.000000,2.582001,0.017000,2.000999,11489,0.000000,0.000000,-2.951000,0.086000,3.512000,11491,0.000000,0.000000,-2.316000,0.052000,14.960000,11492,0.000000,0.000000,-2.222000,0.087000,16.943003, 
829, 414500,0, 
830, 415000,0, 
831, 415500,0, 
832, 416000,0, 
833, 416500,0, 
834, 417000,0, 
835, 417500,0, 
836, 418000,0, 
837, 418500,10,11568,1.000000,0.028000,1.604000,0.157000,1.126000,11579,1.000000,0.009000,-1.919529,0.000000,1.359574,11580,0.000000,0.000000,1.547000,-0.122000,2.633999,11581,0.000000,0.000000,-0.584738,0.000000,1.982016,11582,0.000000,0.000000,2.345999,0.052000,1.432001,11583,0.000000,0.000000,-2.031000,0.156000,8.554998,11584,0.000000,0.000000,-0.077000,0.193000,9.957003,11586,0.000000,0.000000,-0.036000,0.054000,4.462000,11587,0.000000,0.000000,1.180000,-0.227000,1.321000,11588,0.000000,0.000000,2.118000,-0.152000,1.435000, 
838, 419000,0, 
839, 419500,0, 
840, 420000,0, 
841, 420500,0, 
842, 421000,0, 
843, 421500,13,11577,7.000000,0.039000,-2.921001,-0.052000,3.739999,11642,0.000000,0.000000,-0.044000,0.229000,7.607000,11643,0.000000,0.000000,-0.020999,0.017000,2.314000,11644,0.000000,0.000000,0.387999,0.192000,2.436000,11645,0.000000,0.000000,0.224000,0.053000,3.581000,11646,0.000000,0.000000,0.404000,0.018000,2.489002,11647,0.000000,0.000000,1.959427,0.000000,1.313326,11648,0.000000,0.000000,2.632000,0.184000,2.171999,11649,0.000000,0.000000,-0.202000,0.229000,7.718997,11650,0.000000,0.000000,-2.012000,-0.017000,19.155010,11651,0.000000,0.000000,-2.518000,-0.017000,19.033997,11652,0.000000,0.000000,-1.028963,0.000000,1.779254,11653,0.000000,0.000000,-2.085925,0.000000,1.745859, 
844, 422000,0, 
845, 422500,0, 
846, 423000,0, 
847, 423500,0, 
848, 424000,0, 
849, 424500,6,11711,0.000000,0.000000,-0.825000,0.092000,1.750999,11686,3.000000,0.035000,1.361738,0.000000,1.400858,11712,0.000000,0.000000,-1.949000,-0.052000,15.184997,11713,0.000000,0.000000,0.006000,0.054000,2.337000,11714,0.000000,0.000000,2.608001,0.017000,1.626999,11715,0.000000,0.000000,-1.296000,-0.193000,4.545998, 
850, 425000,0, 
851, 425500,0, 
852, 426000,0, 
853, 426500,0, 
854, 427000,0, 
855, 427500,7,11737,3.000000,0.027000,1.653000,-0.052000,0.770000,11773,0.000000,0.000000,0.883000,-0.159000,4.618000,11774,0.000000,0.000000,2.923000,-0.190000,3.671998,11775,0.000000,0.000000,0.048000,0.018000,8.668998,11776,0.000000,0.000000,-1.571000,0.052000,1.856996,11777,0.000000,0.000000,-1.016000,-0.123000,6.844997,11778,0.000000,0.000000,-0.854000,-0.158000,5.509001, 
856, 428000,0, 
857, 428500,0, 
858, 429000,0, 
859, 429500,0, 
860, 430000,0, 
861, 430500,0, 
862, 431000,0, 
863, 431500,0, 
864, 432000,0, 
865, 432500,0, 
866, 433000,0, 
867, 433500,9,11859,0.000000,0.000000,-2.505001,-0.017000,6.654000,11860,0.000000,0.000000,2.862000,-0.187000,3.826001,11861,0.000000,0.000000,-1.395000,-0.018000,1.918997,11862,0.000000,0.000000,-0.188000,0.229000,5.705000,11863,0.000000,0.000000,-1.621000,0.227000,1.900001,11864,0.000000,0.000000,2.283000,-0.157000,4.452002,11865,0.000000,0.000000,-1.628000,-0.191000,1.931999,11866,0.000000,0.000000,-0.222000,-0.053000,11.490000,11867,0.000000,0.000000,2.370000,0.017000,4.236001, 
868, 434000,0, 
869, 434500,0, 
870, 435000,0, 
871, 435500,0, 
872, 436000,0, 
873, 436500,0, 
874, 437000,0, 
875, 437500,0, 
876, 438000,10,11930,0.000000,0.000000,-2.876999,-0.052000,3.328999,11931,0.000000,0.000000,2.316000,0.017000,1.331000,11932,0.000000,0.000000,-1.617999,-0.261999,1.409003,11933,0.000000,0.000000,0.198000,0.018000,5.118000,11934,0.000000,0.000000,0.084000,-0.124000,5.872000,11920,2.000000,0.035000,1.571000,-0.227000,1.486001,11926,1.000000,0.026000,-1.473000,-0.193000,1.418001,11935,0.000000,0.000000,3.041000,-0.122000,7.072000,11936,0.000000,0.000000,-1.603000,0.192000,1.903001,11937,0.000000,0.000000,2.166000,0.052000,1.558998, 
877, 438500,0, 
878, 439000,0, 
879, 439500,0, 
880, 440000,0, 
881, 440500,0, 
882, 441000,0, 
883, 441500,0, 
884, 442000,0, 
885, 442500,0, 
886, 443000,0, 
887, 443500,0, 
888, 444000,6,12028,0.000000,0.000000,-2.707000,-0.051000,2.378000,12029,0.000000,0.000000,2.974000,-0.017000,2.423001,12030,0.000000,0.000000,-0.750000,-0.018000,2.813999,12031,0.000000,0.000000,1.398684,0.000000,2.625576,12032,0.000000,0.000000,2.750000,0.260000,5.198000,12033,0.000000,0.000000,-0.229000,0.262000,6.037998, 
889, 444500,0, 
890, 445000,0, 
891, 445500,0, 
892, 446000,0, 
893, 446500,0, 
894, 447000,0, 
895, 447500,0, 
896, 448000,0, 
897, 448500,9,12088,0.000000,0.000000,-2.948000,-0.051000,5.729001,12089,0.000000,0.000000,-2.711000,-0.050000,2.278997,12090,0.000000,0.000000,-1.648999,-0.017000,1.314000,12091,0.000000,0.000000,-0.736998,0.018000,1.261003,12092,0.000000,0.000000,2.712000,0.017000,2.388003,12093,0.000000,0.000000,-0.743002,0.200000,1.267997,12094,0.000000,0.000000,1.096002,-0.193000,1.284999,12095,0.000000,0.000000,2.381000,0.017000,6.143998,12096,0.000000,0.000000,1.369000,-0.017000,38.478996, 
898, 449000,0, 
899, 449500,0, 
900, 450000,0, 
901, 450500,0, 
902, 451000,0, 
903, 451500,8,12111,4.000000,0.007000,2.845000,-0.052000,2.738998,12129,1.000000,0.027000,-1.630000,-0.017000,1.143999,12136,0.000000,0.000000,-0.945997,0.019000,1.320002,12137,0.000000,0.000000,2.135998,0.017000,1.337998,12138,0.000000,0.000000,2.851000,0.190000,2.901998,12084,7.000000,0.045000,1.575999,-0.192000,1.169999,12139,0.000000,0.000000,1.859999,0.122000,6.368001,12140,0.000000,0.000000,2.876000,-0.190000,2.783999, 
904, 452000,0, 
905, 452500,0, 
906, 453000,10,12153,0.000000,0.000000,-1.670997,0.017000,1.136000,12084,10.000000,0.023000,1.658001,-0.191000,1.194000,12154,0.000000,0.000000,0.975998,-0.162000,1.460003,12155,0.000000,0.000000,2.893000,-0.189000,2.778002,12157,0.000000,0.000000,3.034000,-0.052000,9.086002,12158,0.000000,0.000000,2.066000,0.017000,7.061002,12159,0.000000,0.000000,2.867000,0.190000,2.890997,12160,0.000000,0.000000,2.990000,0.260000,5.625998,12161,0.000000,0.000000,-0.304000,0.087000,3.422000,12162,0.000000,0.000000,0.161000,0.018000,8.484002, 
907, 453500,0, 
908, 454000,0, 
909, 454500,0, 
910, 455000,0, 
911, 455500,0, 
912, 456000,11,12205,0.000000,0.000000,-1.630998,0.017000,0.950000,12206,0.000000,0.000000,2.005997,-0.052000,1.383000,12121,11.000000,0.042000,-3.054000,0.257000,5.808998,12203,1.000000,0.038000,1.318970,0.000000,1.549636,12207,0.000000,0.000000,0.992000,-0.052000,8.458000,12208,0.000000,0.000000,-2.730000,-0.117000,2.671003,12209,0.000000,0.000000,-0.319001,-0.262000,2.467999,12210,0.000000,0.000000,-1.199004,0.018000,1.085000,12211,0.000000,0.000000,0.110000,0.018000,10.597994,12212,0.000000,0.000000,0.125000,0.262000,7.276003,12213,0.000000,0.000000,0.107000,0.159000,10.087997, 
913, 456500,0, 
914, 457000,0, 
915, 457500,0, 
916, 458000,0, 
917, 458500,0, 
918, 459000,0, 
919, 459500,0, 
920, 460000,0, 
921, 460500,8,12277,0.000000,0.000000,0.291000,-0.017000,6.384000,12278,0.000000,0.000000,2.519000,-0.052000,10.984998,12279,0.000000,0.000000,-1.233003,0.056000,0.949998,12280,0.000000,0.000000,-0.485000,-0.017000,1.496000,12281,0.000000,0.000000,-2.812999,-0.086000,2.354999,12282,0.000000,0.000000,0.072000,0.227000,6.828001,12283,0.000000,0.000000,-1.026002,0.206000,1.112000,12285,0.000000,0.000000,1.615956,0.000000,1.440480, 
922, 461000,0, 
923, 461500,0, 
924, 462000,0, 
925, 462500,0, 
926, 463000,0, 
927, 463500,12,12275,7.000000,0.027000,2.749301,-0.060891,2.777639,12323,0.000000,0.000000,-1.170868,0.016235,0.956039,12206,15.000000,0.004000,1.315730,-0.150394,1.578927,12310,2.000000,0.032000,2.982165,0.279119,5.815965,12324,0.000000,0.000000,-0.405537,-0.036326,1.232888,12325,0.000000,0.000000,0.870570,0.045348,1.881199,12319,1.000000,0.040000,-0.880469,-0.014643,1.173888,12326,0.000000,0.000000,-0.412586,0.117581,1.236164,12327,0.000000,0.000000,-2.041627,-0.024469,0.786503,12328,0.000000,0.000000,-2.923226,-0.151728,1.921464,12330,0.000000,0.000000,1.652642,0.000000,1.609991,12331,0.000000,0.000000,2.712186,-0.220419,2.904951, 
928, 464000,0, 
929, 464500,0, 
930, 465000,5,12324,3.000000,0.039000,-1.520996,-0.092000,0.501000,12350,0.000000,0.000000,0.443999,-0.018000,3.233001,12351,0.000000,0.000000,2.584000,-0.085000,3.055002,12352,0.000000,0.000000,-2.825000,-0.051000,2.118997,12353,0.000000,0.000000,1.752738,0.000000,1.529912, 
931, 465500,0, 
932, 466000,0, 
933, 466500,0, 
934, 467000,0, 
935, 467500,0, 
936, 468000,9,12404,0.000000,0.000000,-1.250592,0.000000,1.493675,12405,0.000000,0.000000,-0.286000,-0.019000,1.061998,12406,0.000000,0.000000,0.959000,-0.122000,5.919003,12407,0.000000,0.000000,1.228000,-0.018000,6.564999,12408,0.000000,0.000000,-3.141000,-0.120000,2.680999,12409,0.000000,0.000000,-2.615000,-0.258000,2.433001,12410,0.000000,0.000000,3.038001,-0.050000,2.402999,12411,0.000000,0.000000,2.350000,-0.017000,2.687003,12412,0.000000,0.000000,-1.968088,0.000000,2.723935, 
937, 468500,0, 
938, 469000,0, 
939, 469500,8,12332,11.000000,0.032000,2.262000,-0.085000,2.728001,12433,0.000000,0.000000,-1.455000,0.018000,0.905003,12434,0.000000,0.000000,2.584999,-0.017000,3.368002,12435,0.000000,0.000000,3.070000,-0.253000,3.477000,12436,0.000000,0.000000,1.408000,0.052000,14.665997,12439,0.000000,0.000000,0.043001,-0.125000,3.675999,12440,0.000000,0.000000,2.736000,-0.255000,3.549999,12441,0.000000,0.000000,0.978000,-0.017000,18.968992, 
940, 470000,0, 
941, 470500,0, 
942, 471000,5,12466,0.000000,0.000000,-0.117999,-0.055000,3.292001,12467,0.000000,0.000000,2.769000,0.258000,6.152999,12468,0.000000,0.000000,0.982000,0.087000,14.193995,12469,0.000000,0.000000,2.631000,-0.191000,4.535000,12471,0.000000,0.000000,-1.555495,0.000000,1.255380, 
943, 471500,0, 
944, 472000,0, 
945, 472500,0, 
946, 473000,0, 
947, 473500,0, 
948, 474000,10,12527,0.000000,0.000000,-3.103000,0.017000,2.968002,12528,0.000000,0.000000,1.376002,-0.018000,1.819999,12529,0.000000,0.000000,-0.202000,0.124000,12.227002,12530,0.000000,0.000000,1.837000,-0.260000,3.387999,12531,0.000000,0.000000,-1.125000,-0.053000,3.109001,12532,0.000000,0.000000,1.374000,0.088000,1.825999,12534,0.000000,0.000000,2.381000,0.260000,2.679996,12536,0.000000,0.000000,-1.723999,-0.017000,2.961000,12537,0.000000,0.000000,-2.582000,-0.017000,3.336001,12538,0.000000,0.000000,1.940000,-0.017000,6.441002, 
949, 474500,0, 
950, 475000,0, 
951, 475500,0, 
952, 476000,0, 
953, 476500,0, 
954, 477000,0, 
955, 477500,0, 
956, 478000,0, 
957, 478500,0, 
958, 479000,0, 
959, 479500,0, 
960, 480000,6,12653,0.000000,0.000000,3.105000,0.017000,8.904999,12654,0.000000,0.000000,0.144000,0.160000,8.015002,12655,0.000000,0.000000,1.077000,-0.053000,3.816003,12607,5.000000,0.023000,-1.506001,-0.227000,2.600001,12656,0.000000,0.000000,-0.506000,0.018000,12.961998,12657,0.000000,0.000000,-1.390000,-0.017000,6.099000, 
961, 480500,0, 
962, 481000,0, 
963, 481500,0, 
964, 482000,0, 
965, 482500,0, 
966, 483000,0, 
967, 483500,0, 
968, 484000,0, 
969, 484500,0, 
970, 485000,0, 
971, 485500,0, 
972, 486000,0, 
973, 486500,0, 
974, 487000,0, 
975, 487500,11,12810,0.000000,0.000000,0.515000,0.160000,7.496996,12811,0.000000,0.000000,-2.926000,0.017000,7.379001,12812,0.000000,0.000000,0.725000,-0.053000,6.816000,12813,0.000000,0.000000,-1.391442,0.000000,3.930136,12814,0.000000,0.000000,-3.139000,-0.017000,7.353999,12816,0.000000,0.000000,-0.947000,0.018000,6.358998,12817,0.000000,0.000000,0.850000,-0.053000,6.180999,12818,0.000000,0.000000,0.532000,-0.088000,7.771003,12819,0.000000,0.000000,0.007000,-0.018000,13.641002,12820,0.000000,0.000000,2.123000,0.087000,10.013998,12821,0.000000,0.000000,2.123000,0.017000,9.987000, 
976, 488000,0, 
977, 488500,0, 
978, 489000,0, 
979, 489500,0, 
980, 490000,0, 
981, 490500,0, 
982, 491000,0, 
983, 491500,0, 
984, 492000,0, 
985, 492500,0, 
986, 493000,0, 
987, 493500,7,12752,18.000000,0.007000,2.437999,-0.017000,4.994999,12969,0.000000,0.000000,1.163999,0.229000,4.881999,12970,0.000000,0.000000,-3.137000,-0.052000,11.521003,12973,0.000000,0.000000,0.505000,0.123000,8.606998,12974,0.000000,0.000000,1.562000,-0.087000,5.695998,12975,0.000000,0.000000,-1.824000,0.122000,5.391000,12977,0.000000,0.000000,-0.535000,-0.053000,14.962993, 
988, 494000,0, 
989, 494500,0, 
990, 495000,0, 
991, 495500,0, 
992, 496000,0, 
993, 496500,0, 
994, 497000,0, 
995, 497500,0, 
996, 498000,0, 
997, 498500,0, 
998, 499000,0, 
999, 499500,0, 
1000, 500000,0, 
1001, 500500,0, 
1002, 501000,0, 
1003, 501500,0, 
1004, 502000,0, 
1005, 502500,0, 
1006, 503000,0, 
1007, 503500,0, 
1008, 504000,0, 
1009, 504500,0, 
1010, 505000,0, 
1011, 505500,10,13224,2.000000,0.039000,1.572999,-0.017000,4.537999,13240,0.000000,0.000000,2.769000,0.017000,12.093999,13241,0.000000,0.000000,-3.107000,-0.017000,19.892006,13242,0.000000,0.000000,-1.732000,-0.122000,4.700002,13244,0.000000,0.000000,-1.230000,0.018000,11.203002,13245,0.000000,0.000000,3.127000,-0.017000,20.412001,13248,0.000000,0.000000,2.998000,-0.017000,20.162001,13249,0.000000,0.000000,2.633000,-0.052000,9.623001,13250,0.000000,0.000000,-0.174000,-0.053000,14.228003,13251,0.000000,0.000000,0.185000,-0.053000,14.270999, 
1012, 506000,0, 
1013, 506500,0, 
1014, 507000,0, 
1015, 507500,0, 
1016, 508000,0, 
1017, 508500,0, 
1018, 509000,0, 
1019, 509500,0, 
1020, 510000,0, 
1021, 510500,0, 
1022, 511000,0, 
1023, 511500,0, 
1024, 512000,0, 
1025, 512500,0, 
1026, 513000,0, 
1027, 513500,0, 
1028, 514000,0, 
1029, 514500,0, 
1030, 515000,0, 
1031, 515500,0, 
1032, 516000,8,13339,8.000000,0.025000,1.552000,-0.052000,4.693997,13288,15.000000,0.046000,-1.526000,-0.122000,3.997003,13210,25.000000,0.031000,1.716000,0.261000,4.611001,13385,0.000000,0.000000,-3.008000,-0.017000,27.834000,13387,0.000000,0.000000,3.030000,-0.017000,27.835993,13388,0.000000,0.000000,0.380000,-0.053000,9.638000,13389,0.000000,0.000000,-0.383000,-0.089000,6.703002,13391,0.000000,0.000000,0.797000,0.017000,7.343001, 
1033, 516500,0, 
1034, 517000,0, 
1035, 517500,0, 
1036, 518000,0, 
1037, 518500,0, 
1038, 519000,0, 
1039, 519500,0, 
1040, 520000,0, 
1041, 520500,0, 
1042, 521000,0, 
1043, 521500,0, 
1044, 522000,0, 
1045, 522500,0, 
1046, 523000,0, 
1047, 523500,0, 
1048, 524000,0, 
1049, 524500,0, 
1050, 525000,9,13555,0.000000,0.000000,-1.615000,-0.262000,2.160002,13556,0.000000,0.000000,0.438000,0.122000,15.625997,13557,0.000000,0.000000,-0.763000,-0.195000,2.902997,13518,3.000000,0.028000,1.544000,-0.192000,3.765002,13516,3.000000,0.046000,-1.541000,0.087000,10.594004,13560,0.000000,0.000000,0.661000,0.017000,9.168000,13561,0.000000,0.000000,-1.443001,-0.228000,2.201999,13562,0.000000,0.000000,3.057000,-0.017000,34.509010,13564,0.000000,0.000000,0.464000,-0.017000,13.883999, 
1051, 525500,0, 
1052, 526000,0, 
1053, 526500,0, 
1054, 527000,0, 
1055, 527500,0, 
1056, 528000,0, 
1057, 528500,0, 
1058, 529000,0, 
1059, 529500,0, 
1060, 530000,0, 
1061, 530500,0, 
1062, 531000,13,13623,6.000000,0.043000,-1.478001,0.018000,3.228001,13667,3.000000,0.035000,-1.615000,-0.262000,1.976998,13691,0.000000,0.000000,1.334000,0.018000,5.970000,13692,0.000000,0.000000,1.128000,0.018000,5.963999,13693,0.000000,0.000000,0.590000,0.122000,11.881997,13695,0.000000,0.000000,-0.897892,0.000000,3.131979,13696,0.000000,0.000000,-2.484999,-0.017000,9.192005,13697,0.000000,0.000000,1.844000,-0.017000,3.833999,13698,0.000000,0.000000,1.558000,-0.017000,5.361996,13699,0.000000,0.000000,-0.595000,0.054000,4.170999,13702,0.000000,0.000000,0.737000,0.123000,12.658001,13703,0.000000,0.000000,1.068000,-0.122000,5.419999,13704,0.000000,0.000000,1.205000,0.158000,10.479000, 
1063, 531500,0, 
1064, 532000,0, 
1065, 532500,0, 
1066, 533000,0, 
1067, 533500,0, 
1068, 534000,0, 
1069, 534500,0, 
1070, 535000,0, 
1071, 535500,0, 
1072, 536000,0, 
1073, 536500,0, 
1074, 537000,0, 
1075, 537500,0, 
1076, 538000,0, 
1077, 538500,0, 
1078, 539000,0, 
1079, 539500,0, 
1080, 540000,10,13989,0.000000,0.000000,-0.422000,0.018000,6.076997,13990,0.000000,0.000000,1.688382,0.000000,4.350293,13991,0.000000,0.000000,-1.938000,-0.155000,3.594996,13992,0.000000,0.000000,-0.144999,0.232000,5.994998,13993,0.000000,0.000000,-0.351000,-0.054000,6.095998,13995,0.000000,0.000000,-1.838000,0.017000,10.519002,13996,0.000000,0.000000,-2.832000,0.017000,4.807999,13997,0.000000,0.000000,-1.623000,0.017000,2.696998,13998,0.000000,0.000000,0.820000,0.018000,10.995999,14000,0.000000,0.000000,-0.624000,-0.123000,6.271997, 
1081, 540500,0, 
1082, 541000,0, 
1083, 541500,0, 
1084, 542000,0, 
1085, 542500,0, 
1086, 543000,0, 
1087, 543500,0, 
1088, 544000,0, 
1089, 544500,0, 
1090, 545000,0, 
1091, 545500,0, 
1092, 546000,0, 
1093, 546500,0, 
1094, 547000,0, 
1095, 547500,13,14226,0.000000,0.000000,-1.343000,0.018000,3.484996,14227,0.000000,0.000000,-1.819999,0.261000,3.399001,14187,3.000000,0.020000,1.630999,0.017000,3.386997,14228,0.000000,0.000000,-0.500000,0.159000,6.096000,14229,0.000000,0.000000,1.572000,-0.122000,3.339003,14220,1.000000,0.012000,1.661001,-0.122000,3.336003,14230,0.000000,0.000000,0.965000,-0.122000,5.128003,14231,0.000000,0.000000,-1.244000,0.228000,5.780998,14232,0.000000,0.000000,2.695000,-0.086000,9.448000,14234,0.000000,0.000000,-0.759000,0.158000,6.216002,14235,0.000000,0.000000,1.910001,-0.017000,3.419000,14236,0.000000,0.000000,2.783000,-0.086000,9.177996,14238,0.000000,0.000000,-1.365000,0.228000,3.800002, 
1096, 548000,0, 
1097, 548500,0, 
1098, 549000,0, 
1099, 549500,0, 
1100, 550000,0, 
1101, 550500,0, 
1102, 551000,0, 
1103, 551500,0, 
1104, 552000,0, 
1105, 552500,0, 
1106, 553000,0, 
1107, 553500,0, 
1108, 554000,0, 
1109, 554500,0, 
1110, 555000,0, 
1111, 555500,0, 
1112, 556000,0, 
1113, 556500,0, 
1114, 557000,0, 
1115, 557500,0, 
1116, 558000,13,14472,0.000000,0.000000,2.615521,0.000000,5.805204,14473,0.000000,0.000000,-1.977000,0.259000,4.232003,14430,4.000000,0.022000,1.623000,-0.262000,3.205002,14474,0.000000,0.000000,-0.249000,0.123000,12.085004,14475,0.000000,0.000000,-0.176000,0.123000,13.150001,14477,0.000000,0.000000,0.589000,0.018000,8.536001,14478,0.000000,0.000000,-0.491000,0.123000,12.276001,14479,0.000000,0.000000,-1.866000,-0.190000,3.681996,14480,0.000000,0.000000,-1.373000,0.157000,3.861002,14481,0.000000,0.000000,1.485000,-0.262000,3.203000,14482,0.000000,0.000000,-1.832000,0.260000,4.894996,14483,0.000000,0.000000,0.580000,0.158000,8.428000,14484,0.000000,0.000000,-1.601000,0.192000,4.225003, 
1117, 558500,0, 
1118, 559000,0, 
1119, 559500,0, 
1120, 560000,0, 
1121, 560500,0, 
1122, 561000,0, 
1123, 561500,0, 
1124, 562000,0, 
1125, 562500,0, 
1126, 563000,0, 
1127, 563500,0, 
1128, 564000,0, 
1129, 564500,0, 
1130, 565000,0, 
1131, 565500,0, 
1132, 566000,0, 
1133, 566500,0, 
1134, 567000,0, 
1135, 567500,0, 
1136, 568000,0, 
1137, 568500,15,14723,0.000000,0.000000,2.468001,0.017000,3.882999,14724,0.000000,0.000000,-1.221000,0.123000,7.782002,14629,10.000000,0.042000,1.606000,-0.017000,9.541001,14725,0.000000,0.000000,-0.997000,0.053000,6.211999,14726,0.000000,0.000000,-0.277000,0.159000,11.211998,14727,0.000000,0.000000,-2.084000,0.260000,6.847003,14728,0.000000,0.000000,-0.999000,0.228000,6.215002,14729,0.000000,0.000000,-1.777000,0.017000,4.369003,14731,0.000000,0.000000,1.444000,-0.122000,3.390003,14732,0.000000,0.000000,-0.575000,0.018000,11.362997,14733,0.000000,0.000000,1.829000,-0.157000,5.692001,14734,0.000000,0.000000,1.435999,-0.017000,3.388003,14735,0.000000,0.000000,-0.409000,0.053000,12.530000,14736,0.000000,0.000000,-1.682000,-0.192000,4.380003,14737,0.000000,0.000000,1.284000,-0.229000,3.516003, 
1138, 569000,0, 
1139, 569500,0, 
1140, 570000,0, 
1141, 570500,0, 
1142, 571000,0, 
1143, 571500,0, 
1144, 572000,0, 
1145, 572500,0, 
1146, 573000,0, 
1147, 573500,0, 
1148, 574000,0, 
1149, 574500,0, 
1150, 575000,0, 
1151, 575500,0, 
1152, 576000,0, 
1153, 576500,0, 
1154, 577000,0, 
1155, 577500,0, 
1156, 578000,0, 
1157, 578500,0, 
1158, 579000,0, 
1159, 579500,0, 
1160, 580000,0, 
1161, 580500,0, 
1162, 581000,0, 
1163, 581500,0, 
1164, 582000,12,15001,6.000000,0.032000,-1.548000,-0.122000,3.594998,15082,0.000000,0.000000,0.618000,0.018000,3.729000,15084,0.000000,0.000000,-2.062000,0.052000,7.107001,15085,0.000000,0.000000,-0.718000,0.262000,4.856000,15086,0.000000,0.000000,0.671000,-0.228000,3.796999,15088,0.000000,0.000000,2.393847,0.000000,3.917784,15090,0.000000,0.000000,1.393000,-0.227000,3.819000,15091,0.000000,0.000000,-1.301000,0.052000,5.498002,15092,0.000000,0.000000,-1.382999,0.227000,3.781999,15093,0.000000,0.000000,-0.649000,0.158000,7.951000,15094,0.000000,0.000000,-1.555000,0.157000,7.525002,15095,0.000000,0.000000,0.043000,-0.017000,22.708000, 
1165, 582500,0, 
1166, 583000,0, 
1167, 583500,0, 
1168, 584000,0, 
1169, 584500,0, 
1170, 585000,0, 
1171, 585500,0, 
1172, 586000,0, 
1173, 586500,0, 
1174, 587000,0, 
1175, 587500,0, 
1176, 588000,19,15272,0.000000,0.000000,2.827000,-0.052000,7.953001,15273,0.000000,0.000000,1.219000,0.017000,4.545001,15274,0.000000,0.000000,1.839000,0.261000,4.875999,15276,0.000000,0.000000,1.102000,0.053000,4.514000,15277,0.000000,0.000000,-1.583000,0.262000,3.867998,15278,0.000000,0.000000,2.035000,0.260000,4.902997,15279,0.000000,0.000000,-2.548000,0.086000,10.737001,15280,0.000000,0.000000,-0.680000,0.159000,10.445000,15281,0.000000,0.000000,-0.852999,-0.124000,3.888000,15282,0.000000,0.000000,-0.584000,-0.159000,5.406999,15283,0.000000,0.000000,2.828000,0.017000,7.953000,15284,0.000000,0.000000,-1.240000,0.228000,6.677000,15285,0.000000,0.000000,2.123000,-0.087000,2.682001,15286,0.000000,0.000000,2.392000,0.052000,3.947999,15288,0.000000,0.000000,0.088000,-0.018000,23.266001,15289,0.000000,0.000000,2.219000,-0.191000,4.642000,15290,0.000000,0.000000,-2.131000,0.223000,4.014996,15291,0.000000,0.000000,-0.570000,0.088000,11.882000,15292,0.000000,0.000000,2.178000,0.261000,6.302999, 
1177, 588500,0, 
1178, 589000,0, 
1179, 589500,0, 
1180, 590000,0, 
1181, 590500,0, 
1182, 591000,0, 
1183, 591500,0, 
1184, 592000,0, 
1185, 592500,0, 
1186, 593000,0, 
1187, 593500,0, 
1188, 594000,0, 
1189, 594500,0, 
1190, 595000,0, 
1191, 595500,12,15508,0.000000,0.000000,2.202000,-0.017000,5.965000,15509,0.000000,0.000000,2.946001,0.261000,7.454998,15434,4.000000,0.013000,1.737000,0.262000,6.960001,15510,0.000000,0.000000,-2.187000,-0.052000,4.883001,15511,0.000000,0.000000,1.849000,-0.122000,5.978998,15512,0.000000,0.000000,-2.328000,0.156000,8.506003,15514,0.000000,0.000000,3.138000,0.120000,7.301003,15515,0.000000,0.000000,-2.913000,0.189000,6.761002,15516,0.000000,0.000000,1.399000,0.017000,2.142999,15517,0.000000,0.000000,-2.748000,0.260000,6.304002,15518,0.000000,0.000000,-3.128000,0.120000,7.297000,15519,0.000000,0.000000,-2.898000,0.122000,8.607001, 
1192, 596000,0, 
1193, 596500,0, 
1194, 597000,0, 
1195, 597500,0, 
1196, 598000,0, 
1197, 598500,0, 
1198, 599000,0, 
1199, 599500,0, 
1200, 600000,0, 
1201, 600500,0, 
1202, 601000,0, 
1203, 601500,0, 
1204, 602000,0, 
1205, 602500,0, 
1206, 603000,0, 
1207, 603500,0, 
1208, 604000,0, 
1209, 604500,0, 
1210, 605000,0, 
1211, 605500,0, 
1212, 606000,0, 
1213, 606500,0, 
1214, 607000,0, 
1215, 607500,0, 
1216, 608000,0, 
1217, 608500,0, 
1218, 609000,0, 
1219, 609500,0, 
1220, 610000,0, 
1221, 610500,0, 
1222, 611000,0, 
1223, 611500,0, 
1224, 612000,6,16062,0.000000,0.000000,1.486001,-0.192000,2.070001,15975,7.000000,0.032000,-1.597000,0.017000,8.770999,16065,0.000000,0.000000,-2.674000,0.122000,15.011003,16069,0.000000,0.000000,-0.119000,-0.018000,19.006001,16070,0.000000,0.000000,-3.013000,0.122000,16.148005,16071,0.000000,0.000000,-2.517000,-0.052000,16.358000, 
1225, 612500,0, 
1226, 613000,0, 
1227, 613500,0, 
1228, 614000,0, 
1229, 614500,0, 
1230, 615000,0, 
1231, 615500,0, 
1232, 616000,0, 
1233, 616500,0, 
1234, 617000,0, 
1235, 617500,0, 
1236, 618000,0, 
1237, 618500,0, 
1238, 619000,0, 
1239, 619500,0, 
1240, 620000,0, 
1241, 620500,0, 
1242, 621000,0, 
1243, 621500,0, 
1244, 622000,0, 
1245, 622500,0, 
1246, 623000,0, 
1247, 623500,0, 
1248, 624000,0, 
1249, 624500,0, 
1250, 625000,0, 
1251, 625500,0, 
1252, 626000,0, 
1253, 626500,0, 
1254, 627000,0, 
1255, 627500,0, 
1256, 628000,0, 
1257, 628500,0, 
1258, 629000,0, 
1259, 629500,0, 
1260, 630000,12,16240,19.000000,0.019000,-1.819458,0.000000,9.797029,16450,0.000000,0.000000,-0.973000,0.018000,8.413001,16451,0.000000,0.000000,2.150000,-0.052000,7.136002,16452,0.000000,0.000000,1.916000,0.017000,10.150999,16369,8.000000,0.024000,-1.599000,-0.087000,10.053999,16453,0.000000,0.000000,2.284000,0.190000,7.708001,16454,0.000000,0.000000,2.281000,0.121000,7.737000,16455,0.000000,0.000000,-0.874000,-0.053000,8.094000,16456,0.000000,0.000000,2.548000,-0.052000,7.869998,16457,0.000000,0.000000,1.268000,-0.052000,9.754995,16458,0.000000,0.000000,-0.731000,-0.123000,7.094000,16459,0.000000,0.000000,2.237000,-0.052000,7.119000, 
1261, 630500,0, 
1262, 631000,0, 
1263, 631500,0, 
1264, 632000,0, 
1265, 632500,0, 
1266, 633000,0, 
1267, 633500,0, 
1268, 634000,0, 
1269, 634500,0, 
1270, 635000,0, 
1271, 635500,0, 
1272, 636000,0, 
1273, 636500,0, 
1274, 637000,0, 
1275, 637500,0, 
1276, 638000,0, 
1277, 638500,0, 
1278, 639000,14,16650,0.000000,0.000000,1.501000,-0.052000,5.461998,16651,0.000000,0.000000,0.722000,0.017000,7.535000,16652,0.000000,0.000000,0.750000,-0.088000,7.519000,16653,0.000000,0.000000,-1.146000,-0.124000,5.129001,16654,0.000000,0.000000,-0.818000,-0.018000,4.995000,16655,0.000000,0.000000,-0.390000,0.018000,5.313000,16656,0.000000,0.000000,1.040000,-0.088000,7.691000,16657,0.000000,0.000000,-1.031000,0.018000,5.191999,16658,0.000000,0.000000,2.059000,0.156000,11.808998,16659,0.000000,0.000000,-1.849000,-0.190000,2.626000,16660,0.000000,0.000000,0.278000,0.018000,9.827000,16661,0.000000,0.000000,-0.601000,0.018000,5.035000,16662,0.000000,0.000000,-2.481736,0.000000,3.694107,16663,0.000000,0.000000,-0.818000,-0.089000,4.995000, 
1279, 639500,0, 
1280, 640000,0, 
1281, 640500,0, 
1282, 641000,0, 
1283, 641500,0, 
1284, 642000,25,16737,0.000000,0.000000,-2.513000,-0.190000,3.899000,16738,0.000000,0.000000,-0.793000,0.018000,3.503001,16739,0.000000,0.000000,0.714000,0.018000,5.905000,16740,0.000000,0.000000,1.189000,-0.088000,6.678000,16731,1.000000,0.041000,-2.098000,-0.121000,3.802002,16741,0.000000,0.000000,0.216000,0.017000,7.710000,16483,21.000000,0.008000,1.570000,0.017000,9.346000,16742,0.000000,0.000000,-1.374000,0.018000,3.997999,16743,0.000000,0.000000,-2.117000,-0.017000,5.745000,16744,0.000000,0.000000,-2.855000,-0.086000,5.626001,16745,0.000000,0.000000,-1.107001,-0.018000,3.595000,16746,0.000000,0.000000,1.703000,-0.191000,4.468997,16747,0.000000,0.000000,1.526000,-0.227000,3.975999,16749,0.000000,0.000000,-2.934000,-0.017000,15.405003,16750,0.000000,0.000000,-0.116000,-0.159000,5.224001,16751,0.000000,0.000000,-1.479000,0.193000,4.590000,16752,0.000000,0.000000,-2.685000,-0.017000,5.658999,16753,0.000000,0.000000,-0.009000,0.262000,6.032001,16754,0.000000,0.000000,-3.135000,-0.017000,17.638002,16755,0.000000,0.000000,-0.287000,-0.195000,4.370000,16756,0.000000,0.000000,1.203000,0.088000,6.755000,16758,0.000000,0.000000,2.086000,-0.121000,6.427999,16759,0.000000,0.000000,-1.799000,-0.121000,4.503999,16760,0.000000,0.000000,3.141000,-0.017000,17.754000,16761,0.000000,0.000000,2.100000,0.156000,12.826998, 
1285, 642500,0, 
1286, 643000,0, 
1287, 643500,0, 
1288, 644000,0, 
1289, 644500,0, 
1290, 645000,15,16829,0.000000,0.000000,0.584000,0.018000,4.132999,16830,0.000000,0.000000,1.286000,-0.088000,5.949000,16483,27.000000,0.010000,1.581000,0.017000,9.323000,16831,0.000000,0.000000,-2.405000,-0.017000,6.606000,16832,0.000000,0.000000,1.746000,-0.157000,5.532001,16833,0.000000,0.000000,2.450001,0.017000,2.500000,16834,0.000000,0.000000,0.029000,-0.052000,5.584001,16835,0.000000,0.000000,-1.021000,0.158000,3.584001,16836,0.000000,0.000000,2.331000,-0.122000,4.223000,16838,0.000000,0.000000,0.030000,-0.122000,5.600000,16839,0.000000,0.000000,-0.579000,0.018000,10.138000,16840,0.000000,0.000000,2.939000,-0.017000,19.788000,16841,0.000000,0.000000,3.119000,-0.017000,17.535000,16842,0.000000,0.000000,-1.602424,0.000000,2.631222,16843,0.000000,0.000000,0.352000,0.262000,5.710001, 
1291, 645500,0, 
1292, 646000,0, 
1293, 646500,0, 
1294, 647000,0, 
1295, 647500,0, 
1296, 648000,0, 
1297, 648500,0, 
1298, 649000,0, 
1299, 649500,9,16936,0.000000,0.000000,0.264000,0.018000,3.983000,16937,0.000000,0.000000,-1.794000,-0.121000,3.349002,16938,0.000000,0.000000,-1.457000,-0.017000,4.447999,16939,0.000000,0.000000,-0.279000,-0.052000,13.229999,16940,0.000000,0.000000,-2.393000,0.017000,10.888000,16941,0.000000,0.000000,-0.932000,0.228000,4.890000,16942,0.000000,0.000000,1.374000,0.123000,3.146999,16943,0.000000,0.000000,2.404000,-0.260000,3.162000,16944,0.000000,0.000000,1.587000,-0.262000,3.152000, 
1300, 650000,0, 
1301, 650500,0, 
1302, 651000,0, 
1303, 651500,0, 
1304, 652000,0, 
1305, 652500,0, 
1306, 653000,0, 
1307, 653500,0, 
1308, 654000,9,17007,0.000000,0.000000,-0.027000,0.087000,9.812000,17008,0.000000,0.000000,-1.242000,0.054000,1.829999,17009,0.000000,0.000000,2.870000,-0.017000,5.626999,17010,0.000000,0.000000,1.946000,0.260000,5.045002,17011,0.000000,0.000000,0.930000,0.017000,3.641002,17012,0.000000,0.000000,2.714000,0.121000,3.747000,17013,0.000000,0.000000,1.180000,-0.052000,3.088000,17014,0.000000,0.000000,2.888000,-0.156000,5.607000,17015,0.000000,0.000000,1.841000,-0.052000,8.114002, 
1309, 654500,0, 
1310, 655000,0, 
1311, 655500,0, 
1312, 656000,0, 
1313, 656500,0, 
1314, 657000,0, 
1315, 657500,0, 
1316, 658000,0, 
1317, 658500,13,17043,5.000000,0.026000,2.705000,-0.017000,3.533999,17097,0.000000,0.000000,0.122000,0.087000,6.478000,17098,0.000000,0.000000,3.126000,0.017000,8.897000,17099,0.000000,0.000000,0.495000,-0.122000,6.812000,17060,4.000000,0.001000,-2.606000,-0.253000,2.959001,17100,0.000000,0.000000,0.222000,0.157000,6.476000,17101,0.000000,0.000000,3.139000,0.260000,6.186998,17102,0.000000,0.000000,0.292000,0.087000,6.826003,17103,0.000000,0.000000,2.331000,-0.017000,3.780998,17104,0.000000,0.000000,-2.103694,0.000000,1.849152,17105,0.000000,0.000000,2.821000,0.261000,5.717999,17106,0.000000,0.000000,-3.139000,0.052000,8.988002,17108,0.000000,0.000000,-2.748000,-0.259000,3.334000, 
1318, 659000,0, 
1319, 659500,0, 
1320, 660000,0, 
1321, 660500,0, 
1322, 661000,0, 
1323, 661500,0, 
1324, 662000,0, 
1325, 662500,0, 
1326, 663000,0, 
1327, 663500,0, 
1328, 664000,0, 
1329, 664500,15,17043,17.000000,0.039000,2.501000,-0.017000,3.325000,17218,0.000000,0.000000,0.251001,0.262000,2.282001,17219,0.000000,0.000000,3.140000,0.224000,7.231999,17220,0.000000,0.000000,0.460000,0.092000,2.459000,17189,3.000000,0.007000,1.532000,-0.192000,4.592999,17221,0.000000,0.000000,1.092000,-0.192000,3.416999,17222,0.000000,0.000000,-0.437000,0.018000,7.322001,17223,0.000000,0.000000,-2.921000,0.258000,7.284000,17224,0.000000,0.000000,0.313000,0.054000,2.591000,17225,0.000000,0.000000,-1.675000,-0.191000,0.680000,17226,0.000000,0.000000,2.498000,0.156000,3.433000,17227,0.000000,0.000000,3.140000,-0.017000,13.362000,17228,0.000000,0.000000,-3.111000,0.017000,13.255999,17229,0.000000,0.000000,-0.927000,-0.017000,28.392000,17230,0.000000,0.000000,1.857000,-0.192000,4.671999, 
1330, 665000,0, 
1331, 665500,0, 
1332, 666000,0, 
1333, 666500,0, 
1334, 667000,0, 
1335, 667500,9,17286,0.000000,0.000000,1.110001,0.236000,0.973000,17287,0.000000,0.000000,0.281000,0.053000,11.754001,17288,0.000000,0.000000,-0.852000,-0.126000,1.409999,17289,0.000000,0.000000,-2.884000,0.191000,9.276004,17290,0.000000,0.000000,-1.473000,-0.018000,2.573999,17285,1.000000,0.020000,1.708000,0.261000,2.048001,17291,0.000000,0.000000,0.103000,0.053000,12.838001,17293,0.000000,0.000000,-1.247000,-0.193000,2.633000,17294,0.000000,0.000000,2.102000,-0.017000,3.556000, 
1336, 668000,0, 
1337, 668500,0, 
1338, 669000,11,17323,0.000000,0.000000,-2.246000,0.017000,2.477000,17308,1.000000,0.020000,1.317001,0.198000,0.880001,17324,0.000000,0.000000,1.703000,0.261000,0.842001,17325,0.000000,0.000000,-2.833000,-0.115000,1.881000,17326,0.000000,0.000000,0.215000,0.052000,11.752000,17327,0.000000,0.000000,1.719999,0.017000,1.117999,17328,0.000000,0.000000,0.312000,0.087000,11.838000,17329,0.000000,0.000000,2.298002,0.258000,1.056999,17330,0.000000,0.000000,0.501000,-0.018000,21.381008,17331,0.000000,0.000000,-0.697000,-0.017000,26.035000,17332,0.000000,0.000000,0.816000,-0.018000,8.383000, 
1339, 669500,0, 
1340, 670000,0, 
1341, 670500,0, 
1342, 671000,0, 
1343, 671500,0, 
1344, 672000,0, 
1345, 672500,0, 
1346, 673000,0, 
1347, 673500,0, 
1348, 674000,0, 
1349, 674500,0, 
1350, 675000,0, 
1351, 675500,0, 
1352, 676000,0, 
1353, 676500,0, 
1354, 677000,0, 
1355, 677500,0, 
1356, 678000,0, 
1357, 678500,0, 
1358, 679000,0, 
1359, 679500,21,17646,0.000000,0.000000,3.126000,0.122000,7.929001,17647,0.000000,0.000000,3.061000,0.017000,7.886001,17648,0.000000,0.000000,-0.538000,0.195000,8.387001,17649,0.000000,0.000000,-0.114000,-0.018000,17.771994,17650,0.000000,0.000000,-1.843000,-0.258000,1.942000,17651,0.000000,0.000000,1.928000,0.017000,9.661003,17652,0.000000,0.000000,0.615000,0.088000,12.335002,17653,0.000000,0.000000,0.381000,-0.017000,25.125999,17654,0.000000,0.000000,0.801822,0.000000,3.697090,17655,0.000000,0.000000,0.516000,0.053000,12.395001,17656,0.000000,0.000000,1.258000,0.017000,10.218000,17657,0.000000,0.000000,-1.720000,0.017000,4.681000,17658,0.000000,0.000000,1.302000,0.122000,13.404000,17659,0.000000,0.000000,1.560671,0.000000,3.134757,17660,0.000000,0.000000,2.946000,-0.087000,8.230999,17638,1.000000,0.024000,-1.712000,-0.261000,1.994000,17661,0.000000,0.000000,1.736000,0.192000,10.444000,17662,0.000000,0.000000,1.073000,-0.017000,10.651000,17663,0.000000,0.000000,-3.099000,0.156000,7.960998,17664,0.000000,0.000000,1.377000,0.052000,10.189001,17665,0.000000,0.000000,3.139000,0.189000,7.982001, 
1360, 680000,0, 
1361, 680500,0, 
1362, 681000,0, 
1363, 681500,0, 
1364, 682000,0, 
1365, 682500,0, 
1366, 683000,0, 
1367, 683500,0, 
1368, 684000,17,17828,0.000000,0.000000,0.832000,0.018000,9.921000,17794,2.000000,0.031000,1.482000,-0.228000,2.995000,17829,0.000000,0.000000,-0.237000,0.087000,14.693997,17830,0.000000,0.000000,-0.111000,-0.018000,14.106000,17831,0.000000,0.000000,-2.063000,-0.260000,2.539000,17832,0.000000,0.000000,1.607000,-0.227000,2.966000,17834,0.000000,0.000000,2.872000,-0.052000,12.159003,17835,0.000000,0.000000,0.546000,-0.052000,16.629000,17836,0.000000,0.000000,-0.011000,0.088000,14.533000,17837,0.000000,0.000000,2.206202,0.000000,3.189137,17838,0.000000,0.000000,1.024214,0.000000,3.122785,17839,0.000000,0.000000,2.126000,0.157000,10.611000,17840,0.000000,0.000000,1.012000,0.087000,10.191000,17841,0.000000,0.000000,1.104000,0.018000,10.497002,17842,0.000000,0.000000,-1.548774,0.000000,2.385907,17843,0.000000,0.000000,-0.615000,0.088000,12.565000,17845,0.000000,0.000000,1.770000,0.052000,10.194000, 
1369, 684500,0, 
1370, 685000,0, 
1371, 685500,0, 
1372, 686000,0, 
1373, 686500,0, 
1374, 687000,0, 
1375, 687500,0, 
1376, 688000,0, 
1377, 688500,0, 
1378, 689000,0, 
1379, 689500,0, 
1380, 690000,0, 
