count,x,y,halt
0,60.0,-38.0,0
1,59.975001483783124,-38.024999593570826,0
2,59.99081287231957,-37.97756542796147,0
3,60.00662426085602,-37.93013126235213,0
4,60.02243564939248,-37.882697096742774,0
5,60.038247037928926,-37.83526293113343,0
6,60.054058426465375,-37.787828765524075,0
7,60.06986981500182,-37.74039459991473,0
8,60.08568120353827,-37.69296043430538,0
9,60.10149259207473,-37.645526268696024,0
10,60.117303980611176,-37.59809210308668,0
11,60.133115369147625,-37.550657937477325,0
12,60.14892675768407,-37.50322377186798,0
13,60.16473814622052,-37.45578960625863,0
14,60.18054953475697,-37.40835544064928,0
15,60.196360923293426,-37.36092127503993,0
16,60.212172311829875,-37.313487109430575,0
17,60.22798370036632,-37.26605294382123,0
18,60.24379508890277,-37.21861877821188,0
19,60.25960647743922,-37.17118461260253,0
20,60.275417865975676,-37.12375044699318,0
21,60.291229254512125,-37.07631628138383,0
22,60.30704064304857,-37.02888211577448,0
23,60.32285203158502,-36.981447950165126,0
24,60.33866342012147,-36.93401378455578,0
25,60.354474808657926,-36.88657961894643,0
26,60.370286197194375,-36.83914545333708,0
27,60.38609758573082,-36.79171128772773,0
28,60.40190897426727,-36.74427712211838,0
29,60.42500149048865,-36.67499957345426,0
30,60.42500149048865,-36.6249995727092,0
31,60.4387375470882,-36.576923374610764,0
32,60.45247360368775,-36.528847176512336,0
33,60.466209660287305,-36.4807709784139,0
34,60.47994571688685,-36.43269478031547,0
35,60.49368177348641,-36.38461858221704,0
36,60.50741783008596,-36.33654238411861,0
37,60.52115388668551,-36.28846618602017,0
38,60.534889943285066,-36.240389987921745,0
39,60.548625999884614,-36.19231378982331,0
40,60.56236205648417,-36.144237591724874,0
41,60.57609811308372,-36.096161393626446,0
42,60.58983416968327,-36.04808519552801,0
43,60.60357022628283,-36.00000899742958,0
44,60.617306282882375,-35.951932799331146,0
45,60.63104233948193,-35.90385660123272,0
46,60.64477839608148,-35.85578040313428,0
47,60.65851445268103,-35.80770420503585,0
48,60.67225050928059,-35.75962800693742,0
49,60.685986565880135,-35.71155180883898,0
50,60.69972262247969,-35.663475610740555,0
51,60.71345867907924,-35.61539941264212,0
52,60.72719473567879,-35.56732321454369,0
53,60.74093079227835,-35.519247016445256,0
54,60.754666848877896,-35.47117081834683,0
55,60.76840290547745,-35.42309462024839,0
56,60.782138962077,-35.37501842214996,0
57,60.795875018676554,-35.32694222405153,0
58,60.80961107527611,-35.27886602595309,0
59,60.82500149644911,-35.224999551847574,0
60,60.84081288498556,-35.17756538623822,0
61,60.85662427352201,-35.130131220628876,0
62,60.872435662058464,-35.08269705501952,0
63,60.88824705059491,-35.03526288941018,0
64,60.90405843913136,-34.987828723800824,0
65,60.91986982766781,-34.94039455819148,0
66,60.93568121620426,-34.892960392582125,0
67,60.951492604740714,-34.84552622697277,0
68,60.96730399327716,-34.79809206136343,0
69,60.98311538181361,-34.750657895754074,0
70,60.99892677035006,-34.70322373014473,0
71,61.01473815888651,-34.655789564535375,0
72,61.03054954742296,-34.60835539892603,0
73,61.04636093595941,-34.56092123331668,0
74,61.0750015001744,-34.4749995406717,0
75,61.08712828160692,-34.42649241494163,0
76,61.09925506303944,-34.377985289211544,0
77,61.111381844471964,-34.32947816348147,0
78,61.12350862590448,-34.280971037751385,0
79,61.135635407337,-34.23246391202131,0
80,61.14776218876952,-34.183956786291226,0
81,61.15988897020204,-34.13544966056115,0
82,61.17201575163456,-34.086942534831074,0
83,61.18414253306708,-34.03843540910099,0
84,61.1962693144996,-33.989928283370915,0
85,61.208396095932116,-33.94142115764083,0
86,61.225001502409576,-33.87499953173101,0
87,61.2371282838421,-33.82649240600093,0
88,61.24925506527462,-33.77798528027085,0
89,61.26138184670714,-33.72947815454077,0
90,61.27350862813965,-33.68097102881069,0
91,61.28563540957217,-33.63246390308061,0
92,61.29776219100469,-33.58395677735053,0
93,61.309888972437214,-33.53544965162045,0
94,61.322015753869735,-33.48694252589038,0
95,61.334142535302256,-33.438435400160294,0
96,61.34626931673478,-33.38992827443022,0
97,61.35839609816729,-33.341421148700135,0
98,61.37052287959981,-33.29291402297006,0
99,61.38264966103233,-33.244406897239976,0
100,61.39477644246485,-33.1958997715099,0
101,61.40690322389737,-33.14739264577982,0
102,61.419030005329894,-33.09888552004974,0
103,61.431156786762415,-33.050378394319665,0
104,61.44328356819493,-33.00187126858958,0
105,61.45541034962745,-32.953364142859506,0
106,61.46753713105997,-32.90485701712942,0
107,61.47966391249249,-32.85634989139935,0
108,61.49179069392501,-32.807842765669264,0
109,61.50391747535753,-32.75933563993919,0
110,61.525001506879924,-32.67499951384961,0
111,61.54081289541637,-32.62756534824026,0
112,61.55662428395282,-32.580131182630915,0
113,61.57243567248928,-32.53269701702156,0
114,61.588247061025726,-32.485262851412216,0
115,61.604058449562174,-32.43782868580286,0
116,61.61986983809862,-32.39039452019352,0
117,61.63568122663507,-32.342960354584164,0
118,61.65149261517153,-32.29552618897481,0
119,61.667304003707976,-32.248092023365466,0
120,61.683115392244424,-32.20065785775611,0
121,61.69892678078087,-32.15322369214677,0
122,61.71473816931732,-32.105789526537414,0
123,61.73054955785377,-32.05835536092807,0
124,61.746360946390226,-32.010921195318716,0
125,61.762172334926674,-31.963487029709366,0
126,61.77798372346312,-31.916052864100017,0
127,61.79379511199957,-31.868618698490668,0
128,61.80960650053602,-31.821184532881315,0
129,61.825417889072476,-31.773750367271965,0
130,61.841229277608925,-31.726316201662616,0
131,61.85704066614537,-31.678882036053267,0
132,61.87500151209533,-31.624999498203394,0
133,61.89081290063178,-31.577565332594045,0
134,61.90662428916823,-31.530131166984695,0
135,61.922435677704684,-31.482697001375346,0
136,61.93824706624113,-31.435262835765993,0
137,61.95405845477758,-31.387828670156644,0
138,61.96986984331403,-31.340394504547294,0
139,61.98568123185048,-31.292960338937945,0
140,62.001492620386934,-31.245526173328596,0
141,62.01730400892338,-31.198092007719247,0
142,62.03311539745983,-31.150657842109897,0
143,62.04892678599628,-31.103223676500544,0
144,62.06473817453273,-31.055789510891195,0
145,62.08054956306918,-31.008355345281846,0
146,62.09636095160563,-30.960921179672496,0
147,62.11217234014208,-30.913487014063147,0
148,62.12798372867853,-30.866052848453798,0
149,62.14379511721498,-30.81861868284445,0
150,62.17500151656568,-30.72499948479235,0
151,62.19081290510213,-30.677565319183,0
152,62.206624293638576,-30.63013115357365,0
153,62.22243568217503,-30.5826969879643,0
154,62.23824707071148,-30.535262822354948,0
155,62.25405845924793,-30.4878286567456,0
156,62.26986984778438,-30.44039449113625,0
157,62.285681236320826,-30.3929603255269,0
158,62.30149262485728,-30.34552615991755,0
159,62.31730401339373,-30.2980919943082,0
160,62.33311540193018,-30.250657828698852,0
161,62.34892679046663,-30.2032236630895,0
162,62.364738179003076,-30.15578949748015,0
163,62.380549567539525,-30.1083553318708,0
164,62.39636095607598,-30.06092116626145,0
165,62.41217234461243,-30.013487000652102,0
166,62.42798373314888,-29.966052835042753,0
167,62.443795121685326,-29.918618669433403,0
168,62.459606510221775,-29.87118450382405,0
169,62.47541789875823,-29.8237503382147,0
170,62.49122928729468,-29.776316172605352,0
171,62.50704067583113,-29.728882006996002,0
172,62.52285206436758,-29.681447841386653,0
173,62.538663452904025,-29.634013675777304,0
174,62.55447484144048,-29.586579510167955,0
175,62.575001522526144,-29.524999466910955,0
176,62.587128303958664,-29.476492341180876,0
177,62.599255085391185,-29.427985215450796,0
178,62.611381866823706,-29.379478089720717,0
179,62.62350864825622,-29.33097096399064,0
180,62.63563542968874,-29.28246383826056,0
181,62.64776221112126,-29.233956712530482,0
182,62.65988899255378,-29.185449586800402,0
183,62.6720157739863,-29.136942461070323,0
184,62.68414255541882,-29.088435335340243,0
185,62.696269336851344,-29.039928209610164,0
186,62.70839611828386,-28.991421083880084,0
187,62.72052289971638,-28.942913958150008,0
188,62.7326496811489,-28.89440683241993,0
189,62.74477646258142,-28.84589970668985,0
190,62.75690324401394,-28.79739258095977,0
191,62.76903002544646,-28.74888545522969,0
192,62.78115680687898,-28.70037832949961,0
193,62.793283588311496,-28.65187120376953,0
194,62.80541036974402,-28.60336407803945,0
195,62.81753715117654,-28.554856952309375,0
196,62.82966393260906,-28.506349826579296,0
197,62.84179071404158,-28.457842700849216,0
198,62.8539174954741,-28.409335575119137,0
199,62.86604427690662,-28.360828449389057,0
200,62.878171058339134,-28.312321323658978,0
201,62.890297839771655,-28.263814197928898,0
202,62.902424621204176,-28.21530707219882,0
203,62.9145514026367,-28.166799946468743,0
204,62.92667818406922,-28.118292820738663,0
205,62.93880496550174,-28.069785695008584,0
206,62.95093174693426,-28.021278569278504,0
207,62.96305852836677,-27.972771443548424,0
208,62.97518530979929,-27.924264317818345,0
209,62.987312091231814,-27.875757192088265,0
210,62.999438872664335,-27.827250066358186,0
211,63.011565654096856,-27.77874294062811,0
212,63.02369243552938,-27.73023581489803,0
213,63.0358192169619,-27.68172868916795,0
214,63.04794599839442,-27.63322156343787,0
215,63.06007277982693,-27.58471443770779,0
216,63.07219956125945,-27.536207311977712,0
217,63.08432634269197,-27.487700186247633,0
218,63.096453124124494,-27.439193060517553,0
219,63.108579905557015,-27.390685934787477,0
220,63.12500153072178,-27.3249994341284,0
221,63.1371283121543,-27.27649230839832,0
222,63.149255093586824,-27.22798518266824,0
223,63.161381875019345,-27.179478056938162,0
224,63.17350865645186,-27.130970931208086,0
225,63.18563543788438,-27.082463805478007,0
226,63.1977622193169,-27.033956679747927,0
227,63.20988900074942,-26.985449554017848,0
228,63.22201578218194,-26.936942428287768,0
229,63.23414256361446,-26.88843530255769,0
230,63.24626934504698,-26.83992817682761,0
231,63.2583961264795,-26.79142105109753,0
232,63.275001532956956,-26.724999425187704,0
233,63.275001532956956,-26.674999424442646,0
234,63.290812921493405,-26.627565258833297,0
235,63.306624310029854,-26.580131093223947,0
236,63.32243569856631,-26.532696927614598,0
237,63.33824708710276,-26.485262762005245,0
238,63.35405847563921,-26.437828596395896,0
239,63.369869864175655,-26.390394430786547,0
240,63.385681252712104,-26.342960265177197,0
241,63.40149264124856,-26.295526099567848,0
242,63.41730402978501,-26.2480919339585,0
243,63.43311541832146,-26.20065776834915,0
244,63.448926806857905,-26.153223602739796,0
245,63.464738195394354,-26.105789437130447,0
246,63.4805495839308,-26.058355271521098,0
247,63.49636097246726,-26.01092110591175,0
248,63.51217236100371,-25.9634869403024,0
249,63.527983749540155,-25.91605277469305,0
250,63.543795138076604,-25.8686186090837,0
251,63.55960652661305,-25.821184443474348,0
252,63.57541791514951,-25.773750277865,0
253,63.59122930368596,-25.72631611225565,0
254,63.607040692222405,-25.6788819466463,0
255,63.622852080758854,-25.63144778103695,0
256,63.6386634692953,-25.5840136154276,0
257,63.65447485783176,-25.53657944981825,0
258,63.67500153891742,-25.474999406561253,0
259,63.69081292745387,-25.427565240951903,0
260,63.70662431599032,-25.380131075342554,0
261,63.722435704526774,-25.332696909733205,0
262,63.73824709306322,-25.28526274412385,0
263,63.75405848159967,-25.237828578514502,0
264,63.76986987013612,-25.190394412905153,0
265,63.78568125867257,-25.142960247295804,0
266,63.801492647209024,-25.095526081686454,0
267,63.81730403574547,-25.048091916077105,0
268,63.83311542428192,-25.000657750467756,0
269,63.84892681281837,-24.953223584858403,0
270,63.87500154189765,-24.874999397620556,0
271,63.8908129304341,-24.827565232011207,0
272,63.90662431897055,-24.780131066401857,0
273,63.922435707507006,-24.732696900792508,0
274,63.938247096043455,-24.68526273518316,0
275,63.9540584845799,-24.637828569573806,0
276,63.96986987311635,-24.590394403964456,0
277,63.98568126165281,-24.542960238355107,0
278,64.00149265018925,-24.495526072745758,0
279,64.01730403872571,-24.44809190713641,0
280,64.03311542726216,-24.40065774152706,0
281,64.04892681579861,-24.35322357591771,0
282,64.06473820433506,-24.30578941030836,0
283,64.0805495928715,-24.25835524469901,0
284,64.09636098140795,-24.21092107908966,0
285,64.1121723699444,-24.16348691348031,0
286,64.12798375848085,-24.11605274787096,0
287,64.1437951470173,-24.06861858226161,0
288,64.15960653555376,-24.02118441665226,0
289,64.17541792409021,-23.97375025104291,0
290,64.19122931262666,-23.926316085433562,0
291,64.20704070116311,-23.878881919824213,0
292,64.22500154711307,-23.824999381974337,0
293,64.24081293564952,-23.777565216364987,0
294,64.25662432418596,-23.730131050755638,0
295,64.27243571272241,-23.68269688514629,0
296,64.28824710125886,-23.635262719536936,0
297,64.30405848979531,-23.587828553927586,0
298,64.31986987833177,-23.540394388318237,0
299,64.33568126686822,-23.492960222708888,0
300,64.35149265540467,-23.44552605709954,0
301,64.36730404394112,-23.39809189149019,0
302,64.38311543247757,-23.35065772588084,0
303,64.39892682101402,-23.303223560271487,0
304,64.4250015500933,-23.22499937303364,0
305,64.44081293862975,-23.17756520742429,0
306,64.4566243271662,-23.13013104181494,0
307,64.47243571570264,-23.082696876205592,0
308,64.4882471042391,-23.03526271059624,0
309,64.50405849277554,-22.98782854498689,0
310,64.519869881312,-22.94039437937754,0
311,64.53568126984845,-22.89296021376819,0
312,64.5514926583849,-22.845526048158842,0
313,64.56730404692135,-22.798091882549492,0
314,64.5831154354578,-22.750657716940143,0
315,64.59892682399425,-22.70322355133079,0
316,64.6147382125307,-22.65578938572144,0
317,64.63054960106714,-22.60835522011209,0
318,64.6463609896036,-22.560921054502742,0
319,64.67500155381859,-22.47499936185777,0
320,64.69081294235504,-22.42756519624842,0
321,64.70662433089149,-22.38013103063907,0
322,64.72243571942793,-22.33269686502972,0
323,64.73824710796438,-22.285262699420368,0
324,64.75405849650083,-22.23782853381102,0
325,64.7698698850373,-22.19039436820167,0
326,64.78568127357374,-22.14296020259232,0
327,64.80149266211019,-22.09552603698297,0
328,64.81730405064664,-22.04809187137362,0
329,64.83311543918309,-22.000657705764272,0
330,64.84892682771954,-21.95322354015492,0
331,64.86473821625599,-21.90578937454557,0
332,64.88054960479244,-21.85835520893622,0
333,64.89636099332888,-21.81092104332687,0
334,64.91217238186533,-21.763486877717522,0
335,64.9279837704018,-21.716052712108173,0
336,64.94379515893824,-21.668618546498823,0
337,64.95960654747469,-21.62118438088947,0
338,64.97541793601114,-21.57375021528012,0
339,64.99122932454759,-21.526316049670772,0
340,65.00704071308404,-21.478881884061423,0
341,65.025001559034,-21.42499934621155,0
342,65.04081294757044,-21.3775651806022,0
343,65.05662433610689,-21.33013101499285,0
344,65.07243572464334,-21.282696849383502,0
345,65.08824711317979,-21.23526268377415,0
346,65.10405850171624,-21.1878285181648,0
347,65.1198698902527,-21.14039435255545,0
348,65.13568127878915,-21.0929601869461,0
349,65.1514926673256,-21.04552602133675,0
350,65.16730405586205,-20.998091855727402,0
351,65.1831154443985,-20.950657690118053,0
352,65.19892683293494,-20.9032235245087,0
353,65.21473822147139,-20.85578935889935,0
354,65.23054961000784,-20.80835519329,0
355,65.24636099854429,-20.760921027680652,0
356,65.26217238708074,-20.713486862071303,0
357,65.2779837756172,-20.666052696461954,0
358,65.29379516415365,-20.618618530852604,0
359,65.3096065526901,-20.57118436524325,0
360,65.32541794122655,-20.523750199633902,0
361,65.341229329763,-20.476316034024553,0
362,65.35704071829944,-20.428881868415203,0
363,65.3750015642494,-20.37499933056533,0
364,65.39081295278585,-20.32756516495598,0
365,65.4066243413223,-20.280130999346632,0
366,65.42243572985875,-20.232696833737283,0
367,65.4382471183952,-20.18526266812793,0
368,65.45405850693164,-20.13782850251858,0
369,65.46986989546811,-20.09039433690923,0
370,65.48568128400456,-20.04296017129988,0
371,65.501492672541,-19.995526005690532,0
372,65.51730406107745,-19.948091840081183,0
373,65.5331154496139,-19.900657674471834,0
374,65.54892683815035,-19.85322350886248,0
375,65.5647382266868,-19.80578934325313,0
376,65.58054961522325,-19.758355177643782,0
377,65.5963610037597,-19.710921012034433,0
378,65.61217239229615,-19.663486846425084,0
379,65.62798378083261,-19.616052680815734,0
380,65.64379516936906,-19.568618515206385,0
381,65.6596065579055,-19.521184349597032,0
382,65.67541794644195,-19.473750183987683,0
383,65.6912293349784,-19.426316018378333,0
384,65.70704072351485,-19.378881852768984,0
385,65.72500156946481,-19.32499931491911,0
386,65.74081295800126,-19.277565149309762,0
387,65.7566243465377,-19.230130983700413,0
388,65.77243573507415,-19.182696818091063,0
389,65.7882471236106,-19.13526265248171,0
390,65.80405851214705,-19.08782848687236,0
391,65.81986990068351,-19.040394321263012,0
392,65.83568128921996,-18.992960155653662,0
393,65.85149267775641,-18.945525990044313,0
394,65.86730406629286,-18.898091824434964,0
395,65.88311545482931,-18.850657658825615,0
396,65.89892684336576,-18.80322349321626,0
397,65.9147382319022,-18.755789327606912,0
398,65.93054962043865,-18.708355161997563,0
399,65.9463610089751,-18.660920996388214,0
400,65.96217239751155,-18.613486830778864,0
401,65.97798378604801,-18.566052665169515,0
402,65.99379517458446,-18.518618499560166,0
403,66.00960656312091,-18.471184333950813,0
404,66.02541795165736,-18.423750168341464,0
405,66.04122934019381,-18.376316002732114,0
406,66.05704072873026,-18.328881837122765,0
407,66.0728521172667,-18.281447671513416,0
408,66.08866350580315,-18.234013505904066,0
409,66.1044748943396,-18.186579340294717,0
410,66.12500157542527,-18.124999297037718,0
411,66.14081296396172,-18.07756513142837,0
412,66.15662435249817,-18.03013096581902,0
413,66.17243574103462,-17.98269680020967,0
414,66.18824712957107,-17.935262634600317,0
415,66.20405851810752,-17.887828468990968,0
416,66.21986990664398,-17.84039430338162,0
417,66.23568129518043,-17.79296013777227,0
418,66.25149268371688,-17.74552597216292,0
419,66.26730407225332,-17.69809180655357,0
420,66.28311546078977,-17.65065764094422,0
421,66.29892684932622,-17.603223475334868,0
422,66.31473823786267,-17.55578930972552,0
423,66.33054962639912,-17.50835514411617,0
424,66.34636101493557,-17.46092097850682,0
425,66.36217240347202,-17.41348681289747,0
426,66.37798379200848,-17.36605264728812,0
427,66.39379518054493,-17.318618481678772,0
428,66.40960656908138,-17.27118431606942,0
429,66.42541795761782,-17.22375015046007,0
430,66.44122934615427,-17.17631598485072,0
431,66.45704073469072,-17.12888181924137,0
432,66.47500158064068,-17.0749992813915,0
433,66.49081296917713,-17.02756511578215,0
434,66.50662435771358,-16.9801309501728,0
435,66.52243574625003,-16.93269678456345,0
436,66.53824713478647,-16.885262618954098,0
437,66.55405852332292,-16.83782845334475,0
438,66.56986991185939,-16.7903942877354,0
439,66.58568130039583,-16.74296012212605,0
440,66.60149268893228,-16.6955259565167,0
441,66.61730407746873,-16.64809179090735,0
442,66.63311546600518,-16.600657625298002,0
443,66.64892685454163,-16.55322345968865,0
444,66.67500158362091,-16.474999272450802,0
445,66.69081297215736,-16.427565106841453,0
446,66.70662436069381,-16.380130941232103,0
447,66.72243574923026,-16.332696775622754,0
448,66.7382471377667,-16.2852626100134,0
449,66.75405852630315,-16.23782844440405,0
450,66.76986991483962,-16.190394278794702,0
451,66.78568130337607,-16.142960113185353,0
452,66.80149269191251,-16.095525947576004,0
453,66.81730408044896,-16.048091781966654,0
454,66.83311546898541,-16.000657616357305,0
455,66.84892685752186,-15.953223450747954,0
456,66.86473824605831,-15.905789285138605,0
457,66.88054963459476,-15.858355119529254,0
458,66.8963610231312,-15.810920953919904,0
459,66.9250015873462,-15.724999261274931,0
460,66.94081297588265,-15.677565095665582,0
461,66.9566243644191,-15.63013093005623,0
462,66.97243575295555,-15.582696764446881,0
463,66.988247141492,-15.535262598837532,0
464,67.00405853002844,-15.487828433228183,0
465,67.01986991856491,-15.440394267618831,0
466,67.03568130710136,-15.392960102009482,0
467,67.0514926956378,-15.345525936400133,0
468,67.06730408417425,-15.298091770790782,0
469,67.0831154727107,-15.250657605181432,0
470,67.09892686124715,-15.203223439572083,0
471,67.12500159032643,-15.124999252334234,0
472,67.14081297886288,-15.077565086724885,0
473,67.15662436739933,-15.030130921115534,0
474,67.17243575593578,-14.982696755506185,0
475,67.18824714447223,-14.935262589896835,0
476,67.20405853300868,-14.887828424287486,0
477,67.21986992154514,-14.840394258678135,0
478,67.23568131008159,-14.792960093068785,0
479,67.25149269861804,-14.745525927459436,0
480,67.26730408715449,-14.698091761850085,0
481,67.28311547569093,-14.650657596240736,0
482,67.29892686422738,-14.603223430631386,0
483,67.31473825276383,-14.555789265022037,0
484,67.33054964130028,-14.508355099412686,0
485,67.34636102983673,-14.460920933803337,0
486,67.36217241837318,-14.413486768193987,0
487,67.37798380690964,-14.366052602584636,0
488,67.39379519544609,-14.318618436975287,0
489,67.40960658398254,-14.271184271365938,0
490,67.42541797251899,-14.223750105756588,0
491,67.44122936105543,-14.176315940147237,0
492,67.45704074959188,-14.128881774537888,0
493,67.47285213812833,-14.081447608928539,0
494,67.48866352666478,-14.034013443319187,0
495,67.50447491520123,-13.986579277709838,0
496,67.5250015962869,-13.92499923445284,0
497,67.54081298482335,-13.877565068843492,0
498,67.5566243733598,-13.83013090323414,0
499,67.57243576189624,-13.782696737624791,0
500,67.5882471504327,-13.735262572015442,0
501,67.60405853896914,-13.687828406406092,0
502,67.6198699275056,-13.640394240796741,0
503,67.63568131604205,-13.592960075187392,0
504,67.6514927045785,-13.545525909578043,0
505,67.66730409311495,-13.498091743968692,0
506,67.6831154816514,-13.450657578359342,0
507,67.69892687018785,-13.403223412749993,0
508,67.7147382587243,-13.355789247140644,0
509,67.73054964726074,-13.308355081531293,0
510,67.7463610357972,-13.260920915921943,0
511,67.76217242433364,-13.213486750312594,0
512,67.7779838128701,-13.166052584703243,0
513,67.79379520140655,-13.118618419093893,0
514,67.809606589943,-13.071184253484544,0
515,67.82541797847945,-13.023750087875195,0
516,67.8412293670159,-12.976315922265844,0
517,67.85704075555235,-12.928881756656494,0
518,67.8728521440888,-12.881447591047145,0
519,67.88866353262524,-12.834013425437794,0
520,67.9044749211617,-12.786579259828445,0
521,67.92500160224736,-12.724999216571447,0
522,67.94736228235556,-12.680277856355051,0
523,67.96972296246376,-12.635556496138655,0
524,67.99208364257196,-12.590835135922259,0
525,68.01444432268015,-12.546113775705864,0
526,68.03680500278836,-12.501392415489468,0
527,68.05916568289655,-12.456671055273072,0
528,68.08152636300476,-12.411949695056675,0
529,68.10388704311295,-12.367228334840279,0
530,68.12624772322114,-12.322506974623884,0
531,68.14860840332935,-12.277785614407488,0
532,68.17096908343754,-12.233064254191092,0
533,68.19332976354573,-12.188342893974696,0
534,68.21569044365394,-12.1436215337583,0
535,68.23805112376213,-12.098900173541903,0
536,68.26041180387033,-12.054178813325507,0
537,68.28277248397853,-12.009457453109112,0
538,68.32500160820783,-11.924999204650518,0
539,68.35273661843237,-11.8833966893137,0
540,68.38047162865692,-11.841794173976883,0
541,68.42500160969794,-11.774999202415344,0
542,68.44736228980614,-11.730277842198948,0
543,68.46972296991434,-11.685556481982552,0
544,68.49208365002254,-11.640835121766155,0
545,68.51444433013073,-11.596113761549761,0
546,68.53680501023894,-11.551392401333365,0
547,68.57500161193312,-11.474999197944996,0
548,68.59081300046957,-11.427565032335647,0
549,68.60662438900602,-11.380130866726295,0
550,68.62243577754246,-11.332696701116946,0
551,68.63824716607891,-11.285262535507597,0
552,68.65405855461536,-11.237828369898248,0
553,68.66986994315182,-11.190394204288896,0
554,68.68568133168827,-11.142960038679547,0
555,68.70149272022472,-11.095525873070198,0
556,68.71730410876117,-11.048091707460847,0
557,68.73311549729762,-11.000657541851497,0
558,68.74892688583407,-10.953223376242148,0
559,68.76473827437052,-10.905789210632799,0
560,68.78054966290696,-10.858355045023448,0
561,68.79636105144341,-10.810920879414098,0
562,68.81217243997986,-10.763486713804749,0
563,68.82798382851632,-10.716052548195398,0
564,68.84379521705277,-10.668618382586049,0
565,68.85960660558922,-10.6211842169767,0
566,68.87541799412567,-10.57375005136735,0
567,68.89122938266212,-10.526315885757999,0
568,68.90704077119857,-10.47888172014865,0
569,68.92285215973502,-10.4314475545393,0
570,68.93866354827146,-10.384013388929949,0
571,68.95447493680791,-10.3365792233206,0
572,68.97500161789358,-10.274999180063602,0
573,68.9871283993261,-10.226492054333523,0
574,68.99925518075862,-10.177984928603445,0
575,69.01138196219114,-10.129477802873366,0
576,69.02350874362367,-10.080970677143286,0
577,69.03563552505618,-10.032463551413207,0
578,69.0477623064887,-9.983956425683129,0
579,69.05988908792122,-9.93544929995305,0
580,69.07201586935373,-9.88694217422297,0
581,69.08414265078626,-9.83843504849289,0
582,69.09626943221878,-9.789927922762812,0
583,69.1083962136513,-9.741420797032733,0
584,69.12052299508382,-9.692913671302653,0
585,69.13264977651635,-9.644406545572574,0
586,69.14477655794886,-9.595899419842496,0
587,69.15690333938137,-9.547392294112417,0
588,69.1690301208139,-9.498885168382337,0
589,69.18115690224641,-9.450378042652257,0
590,69.19328368367894,-9.40187091692218,0
591,69.20541046511146,-9.3533637911921,0
592,69.21753724654398,-9.30485666546202,0
593,69.2296640279765,-9.256349539731941,0
594,69.24179080940901,-9.207842414001863,0
595,69.25391759084154,-9.159335288271784,0
596,69.26604437227405,-9.110828162541704,0
597,69.27817115370658,-9.062321036811625,0
598,69.2902979351391,-9.013813911081547,0
599,69.30242471657162,-8.965306785351467,0
600,69.31455149800414,-8.916799659621388,0
601,69.32667827943665,-8.868292533891308,0
602,69.33880506086918,-8.81978540816123,0
603,69.35093184230169,-8.771278282431151,0
604,69.37500162385405,-8.674999156221745,0
605,69.38712840528656,-8.626492030491665,0
606,69.39925518671909,-8.577984904761587,0
607,69.4113819681516,-8.529477779031508,0
608,69.42350874958413,-8.480970653301428,0
609,69.43563553101664,-8.432463527571349,0
610,69.44776231244917,-8.383956401841271,0
611,69.45988909388169,-8.335449276111191,0
612,69.4720158753142,-8.286942150381112,0
613,69.48414265674673,-8.238435024651032,0
614,69.49626943817924,-8.189927898920955,0
615,69.50839621961177,-8.141420773190875,0
616,69.52500162608922,-8.074999147281048,0
617,69.52500162608922,-8.02499914653599,0
618,69.52500162608922,-7.974999145790932,0
619,69.52500162608922,-7.924999145045874,0
620,69.53480743299225,-7.875970110530738,0
621,69.54461323989527,-7.826941076015602,0
622,69.5544190467983,-7.777912041500467,0
623,69.56422485370133,-7.728883006985331,0
624,69.57403066060435,-7.6798539724701955,0
625,69.58383646750738,-7.630824937955061,0
626,69.59364227441041,-7.581795903439925,0
627,69.60344808131343,-7.5327668689247895,0
628,69.61325388821646,-7.483737834409654,0
629,69.62500162757934,-7.424999137595293,0
630,69.62500162757934,-7.374999136850235,0
631,69.63712840901185,-7.326492011120156,0
632,69.64925519044438,-7.277984885390077,0
633,69.66138197187689,-7.229477759659998,0
634,69.67350875330942,-7.180970633929919,0
635,69.68563553474193,-7.13246350819984,0
636,69.69776231617446,-7.0839563824697604,0
637,69.70988909760698,-7.035449256739682,0
638,69.72201587903949,-6.986942131009602,0
639,69.73414266047202,-6.938435005279524,0
640,69.74626944190453,-6.889927879549444,0
641,69.75839622333706,-6.841420753819365,0
642,69.77052300476957,-6.792913628089286,0
643,69.7826497862021,-6.744406502359207,0
644,69.79477656763461,-6.695899376629128,0
645,69.80690334906713,-6.647392250899049,0
646,69.81903013049966,-6.5988851251689695,0
647,69.83115691193217,-6.550377999438891,0
648,69.8432836933647,-6.501870873708811,0
649,69.85541047479721,-6.453363747978733,0
650,69.87500163130463,-6.374999121949074,0
651,69.87500163130463,-6.324999121204016,0
652,69.89081301984108,-6.2775649555946655,0
653,69.90662440837752,-6.230130789985316,0
654,69.92243579691397,-6.182696624375966,0
655,69.93824718545042,-6.135262458766617,0
656,69.95405857398687,-6.0878282931572665,0
657,69.96986996252333,-6.040394127547917,0
658,69.98568135105978,-5.992959961938567,0
659,70.00149273959623,-5.945525796329217,0
660,70.01730412813268,-5.898091630719867,0
661,70.03311551666913,-5.850657465110517,0
662,70.04892690520558,-5.803223299501168,0
663,70.06473829374202,-5.755789133891818,0
664,70.08054968227847,-5.7083549682824675,0
665,70.09636107081492,-5.660920802673118,0
666,70.12500163502992,-5.574999110028145,0
667,70.13712841646243,-5.526491984298066,0
668,70.14925519789496,-5.477984858567987,0
669,70.16138197932747,-5.429477732837908,0
670,70.17350876076,-5.3809706071078285,0
671,70.18563554219251,-5.33246348137775,0
672,70.19776232362504,-5.28395635564767,0
673,70.20988910505756,-5.235449229917592,0
674,70.22201588649007,-5.186942104187512,0
675,70.2341426679226,-5.1384349784574335,0
676,70.24626944935511,-5.089927852727354,0
677,70.25839623078764,-5.041420726997275,0
678,70.27500163726509,-4.974999101087448,0
679,70.28207270518233,-4.92550162566682,0
680,70.28914377309955,-4.8760041502461915,0
681,70.29621484101679,-4.826506674825564,0
682,70.30328590893403,-4.777009199404936,0
683,70.31035697685125,-4.727511723984307,0
684,70.31742804476849,-4.678014248563679,0
685,70.32449911268571,-4.628516773143051,0
686,70.33157018060295,-4.579019297722422,0
687,70.33864124852019,-4.529521822301795,0
688,70.34571231643741,-4.480024346881167,0
689,70.35278338435465,-4.430526871460538,0
690,70.35985445227189,-4.38102939603991,0
691,70.36692552018911,-4.331531920619282,0
692,70.37399658810635,-4.282034445198653,0
693,70.38106765602357,-4.2325369697780255,0
694,70.38813872394081,-4.183039494357398,0
695,70.39520979185805,-4.133542018936769,0
696,70.40228085977527,-4.084044543516141,0
697,70.40935192769251,-4.034547068095513,0
698,70.41642299560975,-3.985049592674885,0
699,70.42500163950027,-3.924999085441229,0
700,70.43712842093278,-3.87649195971115,0
701,70.44925520236531,-3.8279848339810707,0
702,70.46138198379782,-3.7794777082509916,0
703,70.47350876523035,-3.7309705825209125,0
704,70.48563554666286,-3.6824634567908334,0
705,70.49776232809539,-3.6339563310607543,0
706,70.5098891095279,-3.5854492053306752,0
707,70.52201589096042,-3.536942079600596,0
708,70.53414267239295,-3.488434953870517,0
709,70.54626945382546,-3.439927828140438,0
710,70.55839623525799,-3.3914207024103593,0
711,70.5705230166905,-3.3429135766802798,0
712,70.58264979812303,-3.294406450950201,0
713,70.59477657955554,-3.2458993252201216,0
714,70.60690336098806,-3.197392199490043,0
715,70.61903014242058,-3.1488850737599634,0
716,70.6311569238531,-3.1003779480298848,0
717,70.64328370528563,-3.0518708222998057,0
718,70.65541048671814,-3.0033636965697266,0
719,70.67500164322556,-2.9249990705400677,0
720,70.68052321961157,-2.8753048830658856,0
721,70.6860447959976,-2.8256106955917035,0
722,70.69156637238362,-2.7759165081175214,0
723,70.69708794876964,-2.7262223206433394,0
724,70.70260952515565,-2.6765281331691577,0
725,70.70813110154168,-2.6268339456949756,0
726,70.7136526779277,-2.5771397582207936,0
727,70.71917425431371,-2.5274455707466115,0
728,70.72500164397061,-2.474999063834545,0
729,70.73712842540313,-2.426491938104466,0
730,70.74925520683566,-2.377984812374387,0
731,70.76138198826817,-2.329477686644308,0
732,70.7735087697007,-2.280970560914229,0
733,70.78563555113321,-2.2324634351841497,0
734,70.79776233256574,-2.1839563094540706,0
735,70.80988911399825,-2.1354491837239915,0
736,70.82201589543077,-2.0869420579939124,0
737,70.8341426768633,-2.0384349322638333,0
738,70.84626945829581,-1.9899278065337542,0
739,70.85839623972834,-1.9414206808036751,0
740,70.87052302116085,-1.892913555073596,0
741,70.88264980259338,-1.844406429343517,0
742,70.89477658402589,-1.7958993036134379,0
743,70.9069033654584,-1.7473921778833588,0
744,70.92500164695085,-1.6749990519136162,0
745,70.92500164695085,-1.6249990511685581,0
746,70.93480745385388,-1.5759700166534225,0
747,70.9446132607569,-1.526940982138287,0
748,70.95441906765993,-1.4779119476231515,0
749,70.96422487456296,-1.428882913108016,0
750,70.97403068146598,-1.3798538785928804,0
751,70.98383648836901,-1.3308248440777448,0
752,70.99364229527204,-1.2817958095626092,0
753,71.00344810217506,-1.2327667750474738,0
754,71.01325390907809,-1.1837377405323382,0
755,71.02500164844096,-1.1249990437179775,0
756,71.03712842987348,-1.0764919179878985,0
757,71.049255211306,-1.0279847922578194,0
758,71.06138199273852,-0.9794776665277403,0
759,71.07350877417105,-0.9309705407976612,0
760,71.08563555560356,-0.8824634150675821,0
761,71.09776233703609,-0.833956289337503,0
762,71.1098891184686,-0.7854491636074239,0
763,71.12201589990111,-0.7369420378773448,0
764,71.13414268133364,-0.6884349121472658,0
765,71.14626946276616,-0.6399277864171867,0
766,71.15839624419868,-0.5914206606871076,0
767,71.1705230256312,-0.5429135349570285,0
768,71.18264980706373,-0.49440640922694945,0
769,71.19477658849624,-0.44589928349687036,0
770,71.20690336992875,-0.39739215776679127,0
771,71.2250016514212,-0.3249990317970486,0
772,71.2250016514212,-0.27499903105199053,0
773,71.24081303995764,-0.2275648654426407,0
774,71.25662442849409,-0.18013069983329089,0
775,71.27243581703054,-0.13269653422394104,0
776,71.28824720556699,-0.08526236861459122,0
777,71.30405859410344,-0.03782820300524137,0
778,71.3198699826399,0.009605962604108453,0
779,71.33568137117635,0.057040128213458274,0
780,71.3514927597128,0.1044742938228081,0
781,71.36730414824925,0.15190845943215797,0
782,71.3831155367857,0.1993426250415078,0
783,71.39892692532214,0.24677679065085767,0
784,71.41473831385859,0.29421095626020743,0
785,71.43054970239504,0.3416451218695573,0
786,71.44636109093149,0.3890792874789071,0
787,71.46217247946794,0.43651345308825695,0
788,71.4779838680044,0.4839476186976067,0
789,71.49379525654085,0.5313817843069566,0
790,71.5096066450773,0.5788159499163065,0
791,71.52541803361375,0.6262501155256562,0
792,71.5412294221502,0.6736842811350061,0
793,71.55704081068664,0.7211184467443559,0
794,71.57285219922309,0.7685526123537059,0
795,71.58866358775954,0.8159867779630556,0
796,71.60447497629599,0.8634209435724054,0
797,71.62500165738166,0.9250009868294029,0
798,71.63712843881417,0.973508112559482,0
799,71.6492552202467,1.022015238289561,0
800,71.66138200167921,1.0705223640196402,0
801,71.67350878311174,1.1190294897497193,0
802,71.68563556454426,1.1675366154797984,0
803,71.69776234597678,1.2160437412098775,0
804,71.7098891274093,1.2645508669399566,0
805,71.72201590884181,1.3130579926700356,0
806,71.73414269027434,1.3615651184001147,0
807,71.74626947170685,1.4100722441301938,0
808,71.75839625313938,1.458579369860273,0
809,71.7705230345719,1.507086495590352,0
810,71.78264981600442,1.555593621320431,0
811,71.79477659743694,1.6041007470505102,0
812,71.80690337886945,1.6526078727805893,0
813,71.82500166036189,1.7250009987503319,0
814,71.82500166036189,1.77500099949539,0
815,71.83480746726492,1.8240300340105255,0
816,71.84461327416794,1.873059068525661,0
817,71.85441908107097,1.9220881030407966,0
818,71.864224887974,1.971117137555932,0
819,71.87403069487702,2.0201461720710676,0
820,71.88383650178005,2.0691752065862032,0
821,71.89364230868308,2.118204241101339,0
822,71.9034481155861,2.167233275616474,0
823,71.91325392248913,2.2162623101316097,0
824,71.92500166185201,2.2750010069459705,0
825,71.92500166185201,2.3250010076910286,0
826,71.93712844328452,2.3735081334211077,0
827,71.94925522471705,2.4220152591511868,0
828,71.96138200614956,2.470522384881266,0
829,71.97350878758209,2.519029510611345,0
830,71.9856355690146,2.567536636341424,0
831,71.99776235044713,2.616043762071503,0
832,72.00988913187965,2.6645508878015822,0
833,72.02201591331216,2.7130580135316613,0
834,72.03414269474469,2.7615651392617404,0
835,72.0462694761772,2.8100722649918195,0
836,72.05839625760973,2.8585793907218986,0
837,72.07500166408718,2.9250010166317253,0
838,72.07500166408718,2.9750010173767834,0
839,72.09081305262363,3.022435182986133,0
840,72.10662444116008,3.069869348595483,0
841,72.12243582969653,3.1173035142048326,0
842,72.13824721823298,3.164737679814183,0
843,72.15405860676942,3.2121718454235326,0
844,72.16986999530589,3.2596060110328824,0
845,72.18568138384234,3.307040176642232,0
846,72.20149277237878,3.354474342251582,0
847,72.21730416091523,3.4019085078609317,0
848,72.23311554945168,3.449342673470282,0
849,72.24892693798813,3.4967768390796317,0
850,72.27500166706741,3.57500102631748,0
851,72.28712844849993,3.623508152047559,0
852,72.29925522993246,3.6720152777776383,0
853,72.31138201136497,3.7205224035077173,0
854,72.3235087927975,3.7690295292377964,0
855,72.33563557423001,3.8175366549678755,0
856,72.34776235566254,3.8660437806979546,0
857,72.35988913709505,3.9145509064280337,0
858,72.37201591852757,3.963058032158113,0
859,72.3841426999601,4.0115651578881915,0
860,72.39626948139261,4.060072283618271,0
861,72.40839626282514,4.10857940934835,0
862,72.42500166930259,4.175001035258177,0
863,72.42500166930259,4.225001036003235,0
864,72.43480747620562,4.2740300705183705,0
865,72.44461328310864,4.323059105033506,0
866,72.45441909001167,4.372088139548642,0
867,72.4642248969147,4.421117174063777,0
868,72.47403070381772,4.470146208578913,0
869,72.48383651072075,4.519175243094048,0
870,72.49364231762378,4.568204277609183,0
871,72.5034481245268,4.617233312124319,0
872,72.51325393142983,4.666262346639455,0
873,72.5250016707927,4.725001043453815,0
874,72.54081305932915,4.772435209063166,0
875,72.5566244478656,4.819869374672515,0
876,72.57243583640205,4.867303540281865,0
877,72.5882472249385,4.9147377058912145,0
878,72.60405861347495,4.962171871500565,0
879,72.61987000201141,5.009606037109914,0
880,72.63568139054786,5.057040202719264,0
881,72.65149277908431,5.1044743683286145,0
882,72.66730416762076,5.151908533937964,0
883,72.6831155561572,5.199342699547314,0
884,72.69892694469365,5.246776865156663,0
885,72.7147383332301,5.2942110307660135,0
886,72.73054972176655,5.341645196375364,0
887,72.746361110303,5.389079361984713,0
888,72.775001674518,5.475001054629686,0
889,72.79736235462619,5.519722414846083,0
890,72.8197230347344,5.564443775062478,0
891,72.84208371484259,5.609165135278874,0
892,72.86444439495078,5.653886495495271,0
893,72.88680507505899,5.698607855711666,0
894,72.90916575516718,5.743329215928062,0
895,72.93152643527539,5.7880505761444585,0
896,72.95388711538358,5.832771936360854,0
897,72.97624779549177,5.87749329657725,0
898,72.99860847559998,5.9222146567936464,0
899,73.02096915570817,5.966936017010042,0
900,73.04332983581637,6.011657377226438,0
901,73.06569051592457,6.056378737442834,0
902,73.08805119603277,6.10110009765923,0
903,73.11041187614096,6.145821457875626,0
904,73.13277255624917,6.190542818092022,0
905,73.15513323635736,6.235264178308418,0
906,73.17749391646556,6.279985538524814,0
907,73.19985459657376,6.32470689874121,0
908,73.22221527668195,6.369428258957606,0
909,73.24457595679016,6.414149619174002,0
910,73.27500168196858,6.4750010695308475,0
911,73.29736236207677,6.519722429747244,0
912,73.31972304218498,6.564443789963639,0
913,73.34208372229317,6.6091651501800355,0
914,73.36444440240136,6.653886510396432,0
915,73.38680508250957,6.698607870612827,0
916,73.40916576261776,6.743329230829223,0
917,73.43152644272597,6.78805059104562,0
918,73.45388712283416,6.832771951262015,0
919,73.47624780294235,6.877493311478411,0
920,73.49860848305056,6.922214671694808,0
921,73.52096916315875,6.966936031911203,0
922,73.54332984326695,7.011657392127599,0
923,73.56569052337515,7.056378752343996,0
924,73.58805120348335,7.101100112560391,0
925,73.62500168718398,7.17500107996166,0
926,73.64736236729217,7.219722440178057,0
927,73.66972304740038,7.264443800394452,0
928,73.69208372750857,7.309165160610848,0
929,73.71444440761677,7.353886520827245,0
930,73.73680508772497,7.39860788104364,0
931,73.75916576783317,7.443329241260036,0
932,73.78152644794137,7.4880506014764325,0
933,73.82500169016421,7.575001085922125,0
934,73.87500169090927,7.625001086667183,0
935,73.92500169165433,7.675001087412241,0
936,73.97500169239939,7.725001088157299,0
937,74.00273670262393,7.766603603494117,0
938,74.03047171284848,7.808206118830935,0
939,74.0750016938895,7.875001090392473,0
940,74.12500169463456,7.925001091137531,0
941,74.17500169537962,7.975001091882589,0
942,74.22500169612468,8.025001092627647,0
943,74.25273670634922,8.066603607964465,0
944,74.28047171657377,8.108206123301283,0
945,74.3250016976148,8.175001094862822,0
946,74.37500169835985,8.22500109560788,0
947,74.42500169910491,8.275001096352938,0
948,74.47500169984997,8.325001097097996,0
949,74.52500170059503,8.375001097843054,0
950,74.57500170134008,8.425001098588112,0
951,74.62500170208514,8.47500109933317,0
952,74.6750017028302,8.525001100078228,0
953,74.72500170357526,8.575001100823286,0
954,74.74736238368345,8.619722461039682,0
955,74.76972306379166,8.664443821256079,0
956,74.79208374389985,8.709165181472475,0
957,74.82500170506538,8.775001103803518,0
958,74.82500170506538,8.825001104548576,0
959,74.82500170506538,8.875001105293634,0
960,74.82500170506538,8.925001106038692,0
961,74.82500170506538,8.97500110678375,0
962,74.82500170506538,9.025001107528809,0
963,74.82500170506538,9.075001108273867,0
964,74.82500170506538,9.125001109018925,0
965,74.83120344188725,9.174615003593912,0
966,74.83740517870912,9.224228898168901,0
967,74.843606915531,9.273842792743888,0
968,74.84980865235286,9.323456687318878,0
969,74.85601038917474,9.373070581893865,0
970,74.86221212599662,9.422684476468852,0
971,74.86841386281849,9.472298371043841,0
972,74.87461559964036,9.521912265618829,0
973,74.88081733646224,9.571526160193816,0
974,74.88701907328411,9.621140054768805,0
975,74.89322081010599,9.670753949343792,0
976,74.89942254692785,9.720367843918782,0
977,74.90562428374973,9.769981738493769,0
978,74.91182602057161,9.819595633068756,0
979,74.91802775739347,9.869209527643745,0
980,74.92422949421535,9.918823422218733,0
981,74.93043123103722,9.968437316793722,0
982,74.9366329678591,10.018051211368709,0
983,74.94283470468098,10.067665105943696,0
984,74.94903644150284,10.117279000518685,0
985,74.95523817832472,10.166892895093673,0
986,74.9614399151466,10.21650678966866,0
987,74.96764165196846,10.26612068424365,0
988,74.97500170730055,10.325001126900318,0
989,74.98480751420358,10.374030161415453,0
990,74.9946133211066,10.42305919593059,0
991,75.00441912800963,10.472088230445724,0
992,75.01422493491266,10.52111726496086,0
993,75.02403074181568,10.570146299475995,0
994,75.03383654871871,10.619175333991132,0
995,75.04364235562174,10.668204368506267,0
996,75.05344816252476,10.717233403021403,0
997,75.06325396942779,10.766262437536538,0
998,75.07305977633082,10.815291472051674,0
999,75.08286558323385,10.86432050656681,0
1000,75.09267139013687,10.913349541081944,0
1001,75.1024771970399,10.96237857559708,0
1002,75.11228300394293,11.011407610112215,0
1003,75.12208881084595,11.060436644627352,0
1004,75.13189461774898,11.109465679142486,0
1005,75.14170042465202,11.158494713657623,0
1006,75.15150623155503,11.207523748172758,0
1007,75.16131203845806,11.256552782687894,0
1008,75.17500171028078,11.32500114180148,0
1009,75.17997689630597,11.374753002053339,0
1010,75.18495208233115,11.424504862305199,0
1011,75.18992726835634,11.47425672255706,0
1012,75.19490245438152,11.52400858280892,0
1013,75.19987764040671,11.57376044306078,0
1014,75.2048528264319,11.623512303312639,0
1015,75.20982801245708,11.673264163564498,0
1016,75.21480319848227,11.723016023816358,0
1017,75.21977838450745,11.77276788406822,0
1018,75.22500171102584,11.82500114925206,0
1019,75.23207277894308,11.874498624672688,0
1020,75.2391438468603,11.923996100093316,0
1021,75.24621491477754,11.973493575513945,0
1022,75.25328598269478,12.022991050934573,0
1023,75.260357050612,12.072488526355201,0
1024,75.26742811852924,12.121986001775829,0
1025,75.27449918644646,12.171483477196457,0
1026,75.2815702543637,12.220980952617085,0
1027,75.28864132228094,12.270478428037713,0
1028,75.29571239019816,12.319975903458342,0
1029,75.3027834581154,12.36947337887897,0
1030,75.30985452603264,12.418970854299598,0
1031,75.31692559394986,12.468468329720226,0
1032,75.32500171251596,12.525001159682873,0
1033,75.32500171251596,12.57500116042793,0
1034,75.32500171251596,12.625001161172989,0
1035,75.32500171251596,12.675001161918047,0
1036,75.33480751941899,12.724030196433182,0
1037,75.344613326322,12.773059230948318,0
1038,75.35441913322504,12.822088265463453,0
1039,75.36422494012807,12.87111729997859,0
1040,75.37403074703109,12.920146334493724,0
1041,75.38383655393412,12.96917536900886,0
1042,75.39364236083715,13.018204403523995,0
1043,75.40344816774017,13.067233438039132,0
1044,75.4132539746432,13.116262472554267,0
1045,75.42500171400607,13.175001169368628,0
1046,75.42500171400607,13.225001170113686,0
1047,75.42500171400607,13.275001170858744,0
1048,75.42500171400607,13.325001171603802,0
1049,75.43120345082795,13.374615066178789,0
1050,75.43740518764982,13.424228960753778,0
1051,75.4436069244717,13.473842855328765,0
1052,75.44980866129356,13.523456749903755,0
1053,75.45601039811544,13.573070644478742,0
1054,75.46221213493732,13.62268453905373,0
1055,75.46841387175918,13.672298433628718,0
1056,75.47461560858106,13.721912328203706,0
1057,75.48081734540294,13.771526222778693,0
1058,75.4870190822248,13.821140117353682,0
1059,75.49322081904668,13.87075401192867,0
1060,75.49942255586855,13.920367906503659,0
1061,75.50562429269043,13.969981801078646,0
1062,75.5118260295123,14.019595695653633,0
1063,75.51802776633417,14.069209590228622,0
1064,75.52422950315605,14.11882348480361,0
1065,75.53043123997791,14.168437379378599,0
1066,75.5366329767998,14.218051273953586,0
1067,75.54283471362167,14.267665168528573,0
1068,75.54903645044354,14.317279063103562,0
1069,75.55523818726542,14.36689295767855,0
1070,75.5614399240873,14.416506852253537,0
1071,75.56764166090916,14.466120746828526,0
1072,75.57384339773104,14.515734641403514,0
1073,75.5800451345529,14.565348535978503,0
1074,75.58624687137478,14.61496243055349,0
1075,75.59244860819666,14.664576325128477,0
1076,75.59865034501853,14.714190219703466,0
1077,75.6048520818404,14.763804114278454,0
1078,75.61105381866227,14.813418008853443,0
1079,75.61725555548415,14.86303190342843,0
1080,75.6250017169863,14.92500119544566,0
1081,75.6250017169863,14.975001196190718,0
1082,75.6250017169863,15.025001196935776,0
1083,75.63120345380818,15.074615091510763,0
1084,75.63740519063005,15.124228986085752,0
1085,75.64360692745193,15.17384288066074,0
1086,75.64980866427379,15.223456775235729,0
1087,75.65601040109567,15.273070669810716,0
1088,75.66221213791755,15.322684564385703,0
1089,75.66841387473941,15.372298458960692,0
1090,75.6746156115613,15.42191235353568,0
1091,75.68081734838317,15.471526248110667,0
1092,75.68701908520504,15.521140142685656,0
1093,75.69322082202692,15.570754037260643,0
1094,75.69942255884878,15.620367931835633,0
1095,75.70562429567066,15.66998182641062,0
1096,75.71182603249254,15.719595720985607,0
1097,75.7180277693144,15.769209615560596,0
1098,75.72500171847642,15.825001208856705,0
1099,75.72500171847642,15.875001209601763,0
1100,75.729528505846,15.924795870667147,0
1101,75.73405529321558,15.97459053173253,0
1102,75.73858208058516,16.02438519279791,0
1103,75.74310886795475,16.074179853863296,0
1104,75.74763565532432,16.12397451492868,0
1105,75.7521624426939,16.173769175994064,0
1106,75.75668923006349,16.223563837059448,0
1107,75.76121601743306,16.273358498124832,0
1108,75.76574280480264,16.323153159190213,0
1109,75.77026959217223,16.372947820255597,0
1110,75.7747963795418,16.42274248132098,0
1111,75.77932316691138,16.472537142386365,0
1112,75.78384995428097,16.52233180345175,0
1113,75.78837674165054,16.57212646451713,0
1114,75.79290352902012,16.621921125582514,0
1115,75.79743031638971,16.671715786647898,0
1116,75.80195710375929,16.721510447713282,0
1117,75.80648389112886,16.771305108778666,0
1118,75.81101067849845,16.821099769844047,0
1119,75.81553746586803,16.87089443090943,0
1120,75.8200642532376,16.920689091974815,0
1121,75.82500171996654,16.97500122599304,0
1122,75.82500171996654,17.025001226738098,0
1123,75.82500171996654,17.075001227483156,0
1124,75.82500171996654,17.125001228228214,0
1125,75.82500171996654,17.175001228973272,0
1126,75.82500171996654,17.22500122971833,0
1127,75.82500171996654,17.27500123046339,0
1128,75.82500171996654,17.325001231208446,0
1129,75.82500171996654,17.375001231953505,0
1130,75.82500171996654,17.425001232698563,0
1131,75.82500171996654,17.47500123344362,0
1132,75.82500171996654,17.52500123418868,0
1133,75.82500171996654,17.575001234933737,0
1134,75.82500171996654,17.625001235678795,0
1135,75.82500171996654,17.675001236423853,0
1136,75.82500171996654,17.72500123716891,0
1137,75.82500171996654,17.77500123791397,0
1138,75.82500171996654,17.825001238659027,0
1139,75.82500171996654,17.875001239404085,0
1140,75.82500171996654,17.925001240149143,0
1141,75.82500171996654,17.9750012408942,0
1142,75.82500171996654,18.02500124163926,0
1143,75.82500171996654,18.075001242384317,0
1144,75.82500171996654,18.125001243129375,0
1145,75.82500171996654,18.175001243874433,0
1146,75.82500171996654,18.22500124461949,0
1147,75.82500171996654,18.27500124536455,0
1148,75.82500171996654,18.325001246109608,0
1149,75.82500171996654,18.375001246854666,0
1150,75.82500171996654,18.425001247599724,0
1151,75.82500171996654,18.475001248344782,0
1152,75.82500171996654,18.52500124908984,0
1153,75.82500171996654,18.575001249834898,0
1154,75.82500171996654,18.625001250579956,0
1155,75.82500171996654,18.675001251325014,0
1156,75.82500171996654,18.725001252070072,0
1157,75.82500171996654,18.77500125281513,0
1158,75.82500171996654,18.82500125356019,0
1159,75.82500171996654,18.875001254305246,0
1160,75.82500171996654,18.925001255050304,0
1161,75.82500171996654,18.975001255795362,0
1162,75.82500171996654,19.02500125654042,0
1163,75.82500171996654,19.07500125728548,0
1164,75.82500171996654,19.125001258030537,0
1165,75.82500171996654,19.175001258775595,0
1166,75.82500171996654,19.225001259520653,0
1167,75.82500171996654,19.27500126026571,0
1168,75.82500171996654,19.32500126101077,0
1169,75.82500171996654,19.375001261755827,0
1170,75.82500171996654,19.425001262500885,0
1171,75.82500171996654,19.475001263245943,0
1172,75.82500171996654,19.525001263991,0
1173,75.82500171996654,19.57500126473606,0
1174,75.82500171996654,19.625001265481117,0
1175,75.82500171996654,19.675001266226175,0
1176,75.82500171996654,19.725001266971233,0
1177,75.82500171996654,19.77500126771629,0
1178,75.82500171996654,19.82500126846135,0
1179,75.82500171996654,19.875001269206408,0
1180,75.82500171996654,19.925001269951466,0
1181,75.82500171996654,19.975001270696524,0
1182,75.82500171996654,20.02500127144158,0
1183,75.82500171996654,20.07500127218664,0
1184,75.82500171996654,20.125001272931698,0
1185,75.82500171996654,20.175001273676756,0
1186,75.82500171996654,20.225001274421814,0
1187,75.82500171996654,20.275001275166872,0
1188,75.82500171996654,20.32500127591193,0
1189,75.82500171996654,20.375001276656988,0
1190,75.82500171996654,20.425001277402046,0
1191,75.82500171996654,20.475001278147104,0
1192,75.82500171996654,20.525001278892162,0
1193,75.82500171996654,20.57500127963722,0
1194,75.82500171996654,20.62500128038228,0
1195,75.82500171996654,20.675001281127336,0
1196,75.82500171996654,20.725001281872395,0
1197,75.82500171996654,20.775001282617453,0
1198,75.82500171996654,20.82500128336251,0
1199,75.82500171996654,20.87500128410757,0
1200,75.82500171996654,20.925001284852627,0
1201,75.82500171996654,20.975001285597685,0
1202,75.82500171996654,21.025001286342743,0
1203,75.82500171996654,21.0750012870878,0
1204,75.82500171996654,21.12500128783286,0
1205,75.82500171996654,21.175001288577917,0
1206,75.82500171996654,21.225001289322975,0
1207,75.82500171996654,21.275001290068033,0
1208,75.82500171996654,21.32500129081309,0
1209,75.82500171996654,21.37500129155815,0
1210,75.82500171996654,21.425001292303207,0
1211,75.82500171996654,21.475001293048265,0
1212,75.82500171996654,21.525001293793323,0
1213,75.82500171996654,21.57500129453838,0
1214,75.82500171996654,21.62500129528344,0
1215,75.82500171996654,21.675001296028498,0
1216,75.81678177047878,21.724320992955025,0
1217,75.80856182099103,21.773640689881553,0
1218,75.80034187150328,21.82296038680808,0
1219,75.79212192201551,21.87228008373461,0
1220,75.78390197252776,21.921599780661136,0
1221,75.77568202304,21.970919477587664,0
1222,75.76746207355225,22.02023917451419,0
1223,75.7592421240645,22.06955887144072,0
1224,75.75102217457675,22.11887856836725,0
1225,75.742802225089,22.16819826529378,0
1226,75.73458227560124,22.217517962220306,0
1227,75.72500171847642,22.275001304969194,0
1228,75.72500171847642,22.325001305714252,0
1229,75.72500171847642,22.37500130645931,0
1230,75.72500171847642,22.42500130720437,0
1231,75.72500171847642,22.475001307949427,0
1232,75.72500171847642,22.525001308694485,0
1233,75.72500171847642,22.575001309439543,0
1234,75.72500171847642,22.6250013101846,0
1235,75.72500171847642,22.67500131092966,0
1236,75.72500171847642,22.725001311674717,0
1237,75.72500171847642,22.775001312419775,0
1238,75.72500171847642,22.825001313164833,0
1239,75.72500171847642,22.87500131390989,0
1240,75.72500171847642,22.92500131465495,0
1241,75.72500171847642,22.975001315400007,0
1242,75.72500171847642,23.025001316145065,0
1243,75.72500171847642,23.075001316890123,0
1244,75.72500171847642,23.12500131763518,0
1245,75.72500171847642,23.17500131838024,0
1246,75.72500171847642,23.225001319125298,0
1247,75.72500171847642,23.275001319870356,0
1248,75.72500171847642,23.325001320615414,0
1249,75.72500171847642,23.37500132136047,0
1250,75.72500171847642,23.42500132210553,0
1251,75.72500171847642,23.475001322850588,0
1252,75.72500171847642,23.525001323595646,0
1253,75.72500171847642,23.575001324340704,0
1254,75.72500171847642,23.625001325085762,0
1255,75.72500171847642,23.67500132583082,0
1256,75.72500171847642,23.725001326575878,0
1257,75.72084944442186,23.774828615230607,0
1258,75.7166971703673,23.824655903885336,0
1259,75.71254489631274,23.874483192540062,0
1260,75.70839262225817,23.92431048119479,0
1261,75.70424034820361,23.97413776984952,0
1262,75.70008807414905,24.02396505850425,0
1263,75.69593580009449,24.073792347158978,0
1264,75.69178352603994,24.123619635813707,0
1265,75.68763125198538,24.173446924468433,0
1266,75.68347897793082,24.22327421312316,0
1267,75.67932670387626,24.27310150177789,0
1268,75.6751744298217,24.32292879043262,0
1269,75.67102215576713,24.37275607908735,0
1270,75.66686988171257,24.422583367742075,0
1271,75.66271760765801,24.472410656396804,0
1272,75.65856533360345,24.522237945051533,0
1273,75.65441305954889,24.57206523370626,0
1274,75.65026078549432,24.62189252236099,0
1275,75.64610851143976,24.67171981101572,0
1276,75.6419562373852,24.721547099670445,0
1277,75.63780396333064,24.771374388325174,0
1278,75.63365168927608,24.821201676979904,0
1279,75.62949941522153,24.871028965634633,0
1280,75.6250017169863,24.92500134445727,0
1281,75.62368638286229,24.974984041169716,0
1282,75.62237104873829,25.024966737882156,0
1283,75.62105571461427,25.0749494345946,0
1284,75.61974038049026,25.12493213130704,0
1285,75.61842504636624,25.174914828019485,0
1286,75.61710971224224,25.224897524731926,0
1287,75.61579437811822,25.27488022144437,0
1288,75.61447904399421,25.32486291815681,0
1289,75.6131637098702,25.374845614869255,0
1290,75.61184837574619,25.4248283115817,0
1291,75.61053304162218,25.47481100829414,0
1292,75.60921770749816,25.524793705006584,0
1293,75.60790237337416,25.574776401719024,0
1294,75.60658703925014,25.62475909843147,0
1295,75.60527170512613,25.67474179514391,0
1296,75.60395637100211,25.724724491856353,0
1297,75.60264103687811,25.774707188568794,0
1298,75.6013257027541,25.824689885281238,0
1299,75.60001036863008,25.874672581993682,0
1300,75.59869503450606,25.924655278706123,0
1301,75.59737970038206,25.974637975418567,0
1302,75.59606436625805,26.024620672131007,0
1303,75.59474903213403,26.07460336884345,0
1304,75.59343369801003,26.124586065555892,0
1305,75.59211836388602,26.174568762268336,0
1306,75.590803029762,26.224551458980777,0
1307,75.58948769563798,26.27453415569322,0
1308,75.58817236151398,26.324516852405665,0
1309,75.58685702738997,26.374499549118106,0
1310,75.58554169326595,26.42448224583055,0
1311,75.58422635914194,26.47446494254299,0
1312,75.58291102501794,26.524447639255435,0
1313,75.58159569089392,26.574430335967875,0
1314,75.5802803567699,26.62441303268032,0
1315,75.5789650226459,26.67439572939276,0
1316,75.57764968852189,26.724378426105204,0
1317,75.57633435439787,26.774361122817645,0
1318,75.57500171624125,26.825001372769478,0
1319,75.57500171624125,26.875001373514536,0
1320,75.57500171624125,26.925001374259594,0
1321,75.57500171624125,26.975001375004652,0
1322,75.57500171624125,27.02500137574971,0
1323,75.57500171624125,27.075001376494768,0
1324,75.57415438030145,27.124994196942417,0
1325,75.57330704436167,27.174987017390066,0
1326,75.57245970842187,27.22497983783772,0
1327,75.57161237248208,27.274972658285368,0
1328,75.5707650365423,27.324965478733017,0
1329,75.5699177006025,27.374958299180665,0
1330,75.56907036466271,27.424951119628318,0
1331,75.56822302872293,27.474943940075967,0
1332,75.56737569278313,27.524936760523616,0
1333,75.56652835684334,27.574929580971265,0
1334,75.56568102090355,27.624922401418914,0
1335,75.56483368496376,27.674915221866566,0
1336,75.56398634902396,27.724908042314215,0
1337,75.56313901308418,27.774900862761864,0
1338,75.56229167714439,27.824893683209513,0
1339,75.56144434120459,27.874886503657162,0
1340,75.56059700526481,27.924879324104815,0
1341,75.55974966932502,27.974872144552464,0
1342,75.55890233338522,28.024864965000113,0
1343,75.55805499744544,28.07485778544776,0
1344,75.55720766150564,28.124850605895414,0
1345,75.55636032556585,28.174843426343063,0
1346,75.55551298962607,28.224836246790712,0
1347,75.55466565368627,28.27482906723836,0
1348,75.55381831774648,28.32482188768601,0
1349,75.5529709818067,28.374814708133663,0
1350,75.5521236458669,28.42480752858131,0
1351,75.5512763099271,28.47480034902896,0
1352,75.55042897398732,28.52479316947661,0
1353,75.54958163804753,28.57478598992426,0
1354,75.54873430210773,28.62477881037191,0
1355,75.54788696616795,28.67477163081956,0
1356,75.54703963022816,28.72476445126721,0
1357,75.54619229428836,28.774757271714858,0
1358,75.54534495834858,28.82475009216251,0
1359,75.54449762240878,28.87474291261016,0
1360,75.54365028646899,28.92473573305781,0
1361,75.54280295052921,28.974728553505457,0
1362,75.54195561458941,29.024721373953106,0
1363,75.54110827864962,29.07471419440076,0
1364,75.54026094270984,29.124707014848408,0
1365,75.53941360677004,29.174699835296057,0
1366,75.53856627083024,29.224692655743706,0
1367,75.53771893489046,29.274685476191358,0
1368,75.53687159895067,29.324678296639007,0
1369,75.53602426301087,29.374671117086656,0
1370,75.53517692707108,29.424663937534305,0
1371,75.5343295911313,29.474656757981954,0
1372,75.5334822551915,29.524649578429607,0
1373,75.5326349192517,29.574642398877256,0
1374,75.53178758331192,29.624635219324905,0
1375,75.53094024737213,29.674628039772553,0
1376,75.53009291143233,29.724620860220206,0
1377,75.52924557549255,29.774613680667855,0
1378,75.52839823955276,29.824606501115504,0
1379,75.52755090361296,29.874599321563153,0
1380,75.52670356767318,29.924592142010802,0
1381,75.52585623173339,29.97458496245845,0
1382,75.52500889579359,30.024577782906103,0
1383,75.52416155985381,30.074570603353752,0
1384,75.52331422391401,30.1245634238014,0
1385,75.52246688797422,30.17455624424905,0
1386,75.52161955203444,30.224549064696703,0
1387,75.52077221609464,30.27454188514435,0
1388,75.51992488015485,30.324534705592,0
1389,75.51907754421507,30.37452752603965,0
1390,75.51823020827527,30.4245203464873,0
1391,75.51738287233547,30.47451316693495,0
1392,75.5165355363957,30.5245059873826,0
1393,75.5156882004559,30.57449880783025,0
1394,75.5148408645161,30.624491628277898,0
1395,75.51399352857632,30.67448444872555,0
1396,75.51314619263653,30.7244772691732,0
1397,75.51229885669673,30.77447008962085,0
1398,75.51145152075695,30.824462910068497,0
1399,75.51060418481715,30.874455730516146,0
1400,75.50975684887736,30.9244485509638,0
1401,75.50890951293758,30.974441371411448,0
1402,75.50806217699778,31.024434191859097,0
1403,75.50721484105799,31.074427012306746,0
1404,75.5063675051182,31.1244198327544,0
1405,75.50552016917841,31.174412653202047,0
1406,75.50467283323862,31.224405473649696,0
1407,75.50382549729883,31.274398294097345,0
1408,75.50297816135904,31.324391114544994,0
1409,75.50213082541924,31.374383934992643,0
1410,75.50128348947946,31.424376755440296,0
1411,75.50043615353967,31.474369575887945,0
1412,75.49958881759987,31.524362396335594,0
1413,75.49874148166009,31.574355216783246,0
1414,75.4978941457203,31.624348037230895,0
1415,75.4970468097805,31.674340857678544,0
1416,75.49619947384072,31.724333678126193,0
1417,75.49535213790092,31.774326498573842,0
1418,75.49450480196113,31.82431931902149,0
1419,75.49365746602135,31.874312139469144,0
1420,75.49281013008155,31.924304959916793,0
1421,75.49196279414176,31.97429778036444,0
1422,75.49111545820197,32.024290600812094,0
1423,75.49026812226218,32.07428342125974,0
1424,75.48942078632238,32.12427624170739,0
1425,75.4885734503826,32.17426906215504,0
1426,75.48772611444281,32.22426188260269,0
1427,75.48687877850301,32.27425470305034,0
1428,75.48603144256323,32.32424752349799,0
1429,75.48518410662344,32.374240343945644,0
1430,75.48433677068364,32.42423316439329,0
1431,75.48348943474386,32.47422598484094,0
1432,75.48264209880406,32.52421880528859,0
1433,75.48179476286427,32.57421162573624,0
1434,75.48094742692449,32.62420444618389,0
1435,75.48010009098469,32.67419726663154,0
1436,75.4792527550449,32.72419008707919,0
1437,75.47840541910512,32.774182907526836,0
1438,75.47755808316532,32.82417572797449,0
1439,75.47671074722552,32.87416854842213,0
1440,75.47586341128574,32.92416136886979,0
1441,75.47500171475113,32.97500146441162,0
1442,75.47500171475113,33.02500146515668,0
1443,75.47500171475113,33.075001465901735,0
1444,75.47500171475113,33.12500146664679,0
1445,75.47500171475113,33.17500146739185,0
1446,75.47500171475113,33.22500146813691,0
1447,75.47500171475113,33.27500146888197,0
1448,75.47500171475113,33.325001469627026,0
1449,75.47500171475113,33.375001470372084,0
1450,75.47500171475113,33.42500147111714,0
1451,75.47500171475113,33.4750014718622,0
1452,75.47500171475113,33.52500147260726,0
1453,75.47500171475113,33.575001473352316,0
1454,75.47500171475113,33.625001474097374,0
1455,75.47500171475113,33.67500147484243,0
1456,75.47500171475113,33.72500147558749,0
1457,75.47500171475113,33.77500147633255,0
1458,75.47500171475113,33.825001477077606,0
1459,75.47500171475113,33.875001477822664,0
1460,75.47500171475113,33.92500147856772,0
1461,75.47500171475113,33.97500147931278,0
1462,75.47500171475113,34.02500148005784,0
1463,75.47500171475113,34.0750014808029,0
1464,75.47273133167137,34.1249499085577,0
1465,75.47046094859161,34.1748983363125,0
1466,75.46819056551183,34.22484676406731,0
1467,75.46592018243207,34.274795191822115,0
1468,75.46364979935231,34.32474361957692,0
1469,75.46137941627255,34.37469204733172,0
1470,75.45910903319279,34.42464047508653,0
1471,75.45683865011301,34.47458890284133,0
1472,75.45456826703325,34.52453733059614,0
1473,75.45229788395349,34.57448575835094,0
1474,75.45002750087373,34.624434186105745,0
1475,75.44775711779397,34.67438261386055,0
1476,75.4454867347142,34.72433104161536,0
1477,75.44321635163443,34.77427946937016,0
1478,75.44094596855467,34.82422789712496,0
1479,75.43867558547491,34.87417632487977,0
1480,75.43640520239515,34.924124752634576,0
1481,75.43413481931537,34.974073180389375,0
1482,75.43186443623561,35.02402160814418,0
1483,75.42959405315585,35.07397003589899,0
1484,75.42732367007609,35.123918463653794,0
1485,75.42505328699633,35.17386689140859,0
1486,75.42278290391656,35.2238153191634,0
1487,75.4205125208368,35.273763746918206,0
1488,75.41824213775703,35.32371217467301,0
1489,75.41597175467727,35.37366060242781,0
1490,75.41370137159751,35.42360903018262,0
1491,75.41143098851774,35.473557457937424,0
1492,75.40916060543798,35.52350588569223,0
1493,75.40689022235821,35.57345431344703,0
1494,75.40461983927845,35.623402741201836,0
1495,75.40234945619869,35.67335116895664,0
1496,75.40007907311892,35.72329959671145,0
1497,75.39780869003916,35.77324802446625,0
1498,75.3955383069594,35.823196452221055,0
1499,75.39326792387963,35.87314487997586,0
1500,75.39099754079987,35.92309330773067,0
1501,75.3887271577201,35.97304173548547,0
1502,75.38645677464034,36.02299016324027,0
1503,75.38418639156058,36.07293859099508,0
1504,75.38191600848081,36.122887018749886,0
1505,75.37964562540105,36.172835446504685,0
1506,75.37737524232128,36.22278387425949,0
1507,75.37500171326101,36.27500151358545,0
1508,75.37500171326101,36.32500151433051,0
1509,75.37500171326101,36.37500151507557,0
1510,75.37500171326101,36.425001515820625,0
1511,75.37500171326101,36.47500151656568,0
1512,75.37500171326101,36.52500151731074,0
1513,75.37500171326101,36.5750015180558,0
1514,75.37500171326101,36.62500151880086,0
1515,75.36519590635798,36.674030553315994,0
1516,75.35539009945497,36.72305958783113,0
1517,75.34558429255193,36.77208862234627,0
1518,75.3357784856489,36.8211176568614,0
1519,75.32597267874588,36.87014669137653,0
1520,75.31616687184285,36.91917572589167,0
1521,75.30636106493982,36.968204760406806,0
1522,75.2965552580368,37.01723379492194,0
1523,75.28674945113377,37.06626282943708,0
1524,75.2750017117709,37.12500152625144,0
1525,75.26519590486787,37.174030560766575,0
1526,75.25539009796485,37.22305959528171,0
1527,75.24558429106182,37.27208862979685,0
1528,75.23577848415879,37.32111766431198,0
1529,75.22597267725577,37.370146698827114,0
1530,75.21616687035274,37.41917573334225,0
1531,75.2063610634497,37.46820476785739,0
1532,75.19655525654669,37.51723380237252,0
1533,75.18674944964366,37.56626283688766,0
1534,75.17500171028078,37.62500153370202,0
1535,75.16287492884827,37.673508659432095,0
1536,75.15074814741574,37.72201578516218,0
1537,75.13862136598323,37.770522910892254,0
1538,75.1264945845507,37.81903003662234,0
1539,75.11436780311818,37.86753716235241,0
1540,75.10224102168566,37.916044288082496,0
1541,75.09011424025314,37.96455141381257,0
1542,75.07798745882063,38.01305853954265,0
1543,75.0658606773881,38.06156566527273,0
1544,75.05373389595559,38.11007279100281,0
1545,75.04160711452306,38.15857991673289,0
1546,75.02500170804561,38.225001542642715,0
1547,75.02500170804561,38.27500154338777,0
1548,75.02500170804561,38.32500154413283,0
1549,75.02500170804561,38.37500154487789,0
1550,75.02500170804561,38.42500154562295,0
1551,75.02500170804561,38.475001546368006,0
1552,75.02500170804561,38.525001547113064,0
1553,75.02500170804561,38.57500154785812,0
1554,75.02500170804561,38.62500154860318,0
1555,75.02500170804561,38.67500154934824,0
1556,75.02500170804561,38.725001550093296,0
1557,75.02500170804561,38.775001550838354,0
1558,75.02500170804561,38.82500155158341,0
1559,75.02500170804561,38.87500155232847,0
1560,75.02500170804561,38.92500155307353,0
1561,75.02500170804561,38.975001553818586,0
1562,75.02500170804561,39.025001554563644,0
1563,75.02500170804561,39.0750015553087,0
1564,75.02500170804561,39.12500155605376,0
1565,75.02500170804561,39.17500155679882,0
1566,75.02500170804561,39.22500155754388,0
1567,75.02500170804561,39.275001558288935,0
1568,75.02500170804561,39.32500155903399,0
1569,75.02500170804561,39.37500155977905,0
1570,75.02500170804561,39.42500156052411,0
1571,75.02500170804561,39.47500156126917,0
1572,75.02500170804561,39.525001562014225,0
1573,75.02500170804561,39.57500156275928,0
1574,75.02500170804561,39.62500156350434,0
1575,75.02500170804561,39.6750015642494,0
1576,75.02500170804561,39.72500156499446,0
1577,75.02500170804561,39.775001565739515,0
1578,75.02500170804561,39.82500156648457,0
1579,75.02500170804561,39.87500156722963,0
1580,75.02500170804561,39.92500156797469,0
1581,74.97500170730055,39.97500156871975,0
1582,75.0,40.0,0
