count,time,proximity_num,proximity_id,proximity_duration,proximity_velocity,proximity_theta,proximity_phi,proximity_distance
0,0,8,0,0,0,0.0,0.0,1.3189718433225188,1,0,0,1.5707963267948966,0.0,1.5651753882195187,2,0,0,-2.4783675378319465,0.0,1.599620329109517,3,0,0,-2.6529004630313815,0.0,2.097730064706019,4,0,0,-1.5707963267948966,0.0,7.08482461178048,5,0,0,-3.036872898470133,0.0,9.421592750854451,6,0,0,-1.815142422074103,0.0,10.445088375971753,7,0,0,-3.141592653589793,0.0,16.481028156677482
1,500,4,0,0,0,-1.0406808678544733e-15,0.0,0.8534589681957392,1,0,0,-3.1415926535897927,0.0,1.6965410318042606,2,0,0,-1.5707963267948968,0.0,2.546159854767649,3,0,0,1.5707963267948966,0.0,21.35384014523235
2,1000,6,0,0,0,3.141592653589793,0.0,0.6649663438834885,1,0,0,-0.3839724354387527,0.0,2.0330742892382108,2,0,0,0.767944870877505,0.0,2.6212889750988535,3,0,0,-1.5707963267948966,0.0,3.779099672055697,4,0,0,1.5707963267948966,0.0,4.870900327944302,5,0,0,0.0,0.0,4.935033656116513
3,1500,5,0,0,0,-1.5707963267948966,0.0,0.09409372767432522,1,0,0,0.0,0.0,0.7580879567933749,2,0,0,1.5707963267948966,0.0,2.4559062723256737,3,0,0,3.141592653589793,0.0,4.8419120432066265,4,0,0,-3.1066860685499065,0.0,4.84486340308796
4,2000,10,0,0,0,0.0,0.0,0.36387948663990954,1,0,0,-1.5707963267948966,0.0,1.7014861076441674,2,0,0,2.7576202181510405,0.0,2.357806925339013,3,0,0,2.0943951023931953,0.0,4.501616090382272,4,0,0,2.0245819323134224,0.0,4.986916975199429,5,0,0,2.5830872929516078,0.0,6.174320226755474,6,0,0,1.5009831567151235,0.0,6.965481455096573,7,0,0,-3.141592653589793,0.0,8.28612051336009,8,0,0,1.53588974175501,0.0,10.426496683943068,9,0,0,1.5707963267948966,0.0,13.048513892355833
5,2500,9,0,0,0,3.141592653589793,0.0,0.7200892087380595,1,0,0,0.0,0.0,1.8299107912619412,2,0,0,-1.5707963267948966,0.0,2.6559546061611403,3,0,0,-1.8500490071139892,0.0,2.7629880784634575,4,0,0,-2.967059728390361,0.0,3.8282489117358955,5,0,0,-2.513274122871834,0.0,4.660086543238635,6,0,0,1.5707963267948966,0.0,5.99404539383886,7,0,0,-2.1642082724729685,0.0,6.8826248593001,8,0,0,-2.234021442552742,0.0,7.2409603295957705
6,3000,8,0,0,0,1.5707963267948966,0.0,0.15541311150771975,1,0,0,-1.5707963267948966,0.0,2.394586888492281,2,0,0,-1.7453292519943289,0.0,2.431527251047745,3,0,0,-1.919862177193763,0.0,2.5482661409957412,4,0,0,-0.4188790204786392,0.0,5.887315365500572,5,0,0,-2.7576202181510405,0.0,6.946154643873883,6,0,0,0.0,0.0,8.309637562876024,7,0,0,3.141592653589793,0.0,9.490362437123977
7,3500,8,0,0,0,1.5707963267948966,0.0,1.474688577120375,1,0,0,-2.338741197672402,0.0,1.4948587890915954,2,0,0,0.0,0.0,1.5181358072026931,3,0,0,-1.8151424220741028,0.0,4.265278222293842,4,0,0,-2.897246558310587,0.0,4.4448701933910515,5,0,0,-2.9321531433504737,0.0,5.171962281919814,6,0,0,3.141592653589793,0.0,7.131864192797305,7,0,0,-1.5707963267948966,0.0,7.175311422879625
8,4000,5,0,0,0,1.5707963267948966,0.0,0.6027777505201577,1,0,0,3.141592653589793,0.0,1.1456256617756075,2,0,0,-1.5707963267948966,0.0,1.947222249479843,3,0,0,0.0,0.0,4.454374338224394,4,0,0,0.24434609527920625,0.0,7.734110472717683
9,4500,7,0,0,0,-1.5707963267948966,0.0,0.40395383561032183,1,0,0,0.0,0.0,0.8031841370806365,2,0,0,-2.9321531433504737,0.0,1.942910636826091,3,0,0,2.268928027592629,0.0,2.801464306237863,4,0,0,3.141592653589793,0.0,4.796815862919363,5,0,0,-3.036872898470133,0.0,4.8232380657070335,6,0,0,1.5707963267948966,0.0,8.246046164389679
10,5000,5,0,0,0,0.0,0.0,0.2995523429786502,1,0,0,3.141592653589793,0.0,2.2504476570213487,2,0,0,1.5707963267948966,0.0,3.2463162651513784,3,0,0,-1.5707963267948966,0.0,8.453683734848621,4,0,0,2.827433388230814,0.0,8.780180266836894
11,5500,7,0,0,0,3.141592653589793,0.0,0.522583074380849,1,0,0,1.5707963267948966,0.0,0.9846891692050335,2,0,0,0.0,0.0,2.0274169256191517,3,0,0,-1.186823891356144,0.0,5.4121229077465385,4,0,0,-1.291543646475804,0.0,7.974218532979834,5,0,0,-1.2217304763960308,0.0,8.157253405250872,6,0,0,-1.5707963267948966,0.0,13.765310830794967
12,6000,8,0,0,0,-1.5707963267948966,0.0,0.7157423742234659,1,0,0,-3.141592653589793,0.0,0.9837022134518625,2,0,0,0.8726646259971651,0.0,2.436726786491664,3,0,0,1.0122909661567112,0.0,2.955729093590468,4,0,0,1.5707963267948966,0.0,4.8842576257765336,5,0,0,1.9547687622336491,0.0,10.76783560233119,6,0,0,1.8849555921538759,0.0,11.549531954805142,7,0,0,-2.9068125269611144e-17,0.0,22.91629778654814
13,6500,10,0,0,0,3.141592653589793,0.0,0.6042878628348003,1,0,0,-1.5707963267948966,0.0,1.0509217895939997,2,0,0,0.6632251157578454,0.0,2.4691441433504333,3,0,0,0.8028514559173916,0.0,2.80096263128531,4,0,0,1.7104226669544427,0.0,4.593784606411631,5,0,0,1.6755160819145565,0.0,5.781084347212419,6,0,0,1.2915436464758039,0.0,7.905316775353555,7,0,0,0.0,0.0,8.0457121371652,8,0,0,1.5707963267948966,0.0,10.649078210406,9,0,0,1.2566370614359172,0.0,14.404063245127475
14,7000,7,0,0,0,0.24434609527920598,0.0,0.634455107811932,1,0,0,3.141592653589793,0.0,1.934390920376103,2,0,0,-1.5707963267948966,0.0,2.405304904694332,3,0,0,1.5707963267948966,0.0,3.1946950953056685,4,0,0,0.8377580409572781,0.0,5.478166810468702,5,0,0,0.0,0.0,9.765609079623896,6,0,0,1.2217304763960306,0.0,9.891207922365172
15,7500,8,0,0,0,1.5707963267948966,0.0,0.207570876147102,1,0,0,0.0,0.0,1.013435485007868,2,0,0,-2.1642082724729685,0.0,2.8254800522896395,3,0,0,-2.3038346126325147,0.0,3.152049295839643,4,0,0,3.141592653589793,0.0,4.58656451499213,5,0,0,-1.3962634015954638,0.0,5.836142357633664,6,0,0,-1.5707963267948966,0.0,8.442429123852897,7,0,0,-1.43116998663535,0.0,8.525397708300854
16,8000,7,0,0,0,-7.770781140032002e-16,0.0,1.1429718630532264,1,0,0,2.6179938779914944,0.0,1.6246961472471957,2,0,0,-2.2340214425527414,0.0,2.2853925303715243,3,0,0,1.5707963267948966,0.0,3.814460400879434,4,0,0,-1.5707963267948966,0.0,4.835539599120566,5,0,0,2.4085543677521746,0.0,5.9975229378521115,6,0,0,-3.141592653589793,0.0,10.557028136946773
17,8500,11,0,0,0,0.0,0.0,0.9077990677406707,1,0,0,-2.757620218151041,0.0,1.7711707598992041,2,0,0,1.5707963267948966,0.0,1.8893285162966507,3,0,0,-2.8623399732707004,0.0,2.3968865966846034,4,0,0,-3.001966313430247,0.0,4.747120522182844,5,0,0,-3.036872898470133,0.0,6.320493605762158,6,0,0,-1.5707963267948966,0.0,6.76067148370335,7,0,0,-1.8151424220741028,0.0,6.967640174661869,8,0,0,2.897246558310587,0.0,7.979217801951952,9,0,0,3.141592653589793,0.0,10.79220093225933,10,0,0,-1.8849555921538759,0.0,13.522510243452379
18,9000,8,0,0,0,-1.3962634015954625,0.0,0.2995124296441771,1,0,0,1.5707963267948966,0.0,2.2550378371628916,2,0,0,3.141592653589793,0.0,2.500417655505741,3,0,0,-0.10471975511965947,0.0,3.1166557105778745,4,0,0,-1.5707963267948966,0.0,6.394962162837107,5,0,0,-0.2792526803190929,0.0,6.397407043761849,6,0,0,-0.03490658503988659,0.0,8.451759787583741,7,0,0,0.0,0.0,15.29958234449426
19,9500,7,0,0,0,1.5707963267948966,0.0,0.9196350535508699,1,0,0,-1.5707963267948966,0.0,1.630364946449129,2,0,0,3.141592653589793,0.0,2.591017662698775,3,0,0,0.0,0.0,3.0089823373012266,4,0,0,1.0821041362364845,0.0,4.495889773817096,5,0,0,-1.2915436464758039,0.0,4.868981013417447,6,0,0,-1.6057029118347834,0.0,7.73507694633005
20,10000,13,0,0,0,-0.2094395102393175,0.0,0.7860244065577435,1,0,0,-3.036872898470133,0.0,1.7909631963887194,2,0,0,1.5707963267948966,0.0,2.390086824242136,3,0,0,-1.5707963267948966,0.0,3.2099131757578654,4,0,0,-1.3264502315156907,0.0,3.308180267965871,5,0,0,-0.0349065850398866,0.0,4.582105499143343,6,0,0,3.141592653589793,0.0,4.831152112607331,7,0,0,-0.7330382858376183,0.0,5.138766706663742,8,0,0,-1.186823891356144,0.0,6.7515338462000205,9,0,0,-1.012290966156711,0.0,7.3815544237755075,10,0,0,-0.8028514559173917,0.0,9.888094895990472,11,0,0,-0.942477796076938,0.0,11.68598201571555,12,0,0,0.0,0.0,12.96884788739267
21,10500,6,0,0,0,1.5707963267948966,0.0,0.15174335415244755,1,0,0,0.0,0.0,2.186811383839448,2,0,0,-1.74532925199433,0.0,2.4352536203254505,3,0,0,-1.9198621771937618,0.0,2.5521714152036012,4,0,0,3.141592653589793,0.0,3.41318861616055,5,0,0,-1.5707963267948966,0.0,8.498256645847553
22,11000,7,0,0,0,-1.5707963267948966,0.0,0.590017313066939,1,0,0,-2.3387411976724017,0.0,0.820220586695148,2,0,0,0.0,0.0,1.9956696702696748,3,0,0,1.8500490071139892,0.0,2.0389688835149693,4,0,0,3.141592653589793,0.0,3.6043303297303257,5,0,0,1.5707963267948966,0.0,5.009982686933061,6,0,0,1.7802358370342162,0.0,8.240047494760983
23,11500,5,0,0,0,1.5707963267948966,0.0,0.6058746130055095,1,0,0,-1.5707963267948966,0.0,1.9441253869944912,2,0,0,0.0,0.0,2.761785101217164,3,0,0,3.141592653589793,0.0,2.8382148987828373,4,0,0,-1.4311699866353502,0.0,8.123179612584035
24,12000,8,0,0,0,3.141592653589793,0.0,1.2424319690037215,1,0,0,0.0,0.0,1.3075680309962792,2,0,0,-1.0821041362364838,0.0,2.7851911268853855,3,0,0,1.5707963267948966,0.0,3.211658646165464,4,0,0,-1.5707963267948966,0.0,5.438341353834538,5,0,0,-1.3264502315156905,0.0,5.604828720319049,6,0,0,-1.1519173063162575,0.0,10.7134877203188,7,0,0,-1.2217304763960306,0.0,12.27884639999034
25,12500,4,0,0,0,1.5707963267948966,0.0,0.2887389277786374,1,0,0,-1.5707963267948966,0.0,2.2612610722213624,2,0,0,0.0,0.0,11.30204739822383,3,0,0,-3.141592653589793,0.0,12.59795260177617
26,13000,5,0,0,0,1.5707963267948966,0.0,0.4570080298855199,1,0,0,3.141592653589793,0.0,1.2872978230364893,2,0,0,-1.012290966156711,0.0,2.4680109295692825,3,0,0,0.0,0.0,4.3127021769635085,4,0,0,-1.5707963267948966,0.0,5.142991970114481
27,13500,6,0,0,0,3.141592653589793,0.0,0.698495877342892,1,0,0,0.0,0.0,1.8515041226571087,2,0,0,-1.9198621771937625,0.0,2.0422653196709235,3,0,0,1.5707963267948968,0.0,3.735264856552863,4,0,0,-1.5707963267948966,0.0,4.914735143447135,5,0,0,0.5934119456780718,0.0,5.91228224741489
28,14000,9,0,0,0,3.141592653589793,0.0,0.13797947936574673,1,0,0,1.5707963267948966,0.0,2.1291200392321024,2,0,0,-0.174532925199433,0.0,2.44922982506653,3,0,0,-1.5707963267948966,0.0,3.470879960767899,4,0,0,0.3839724354387527,0.0,5.890978896721943,5,0,0,-0.3839724354387526,0.0,5.890978896721945,6,0,0,-0.0698131700797732,0.0,6.033561305173395,7,0,0,0.45378560551852554,0.0,6.077054630172972,8,0,0,0.0,0.0,11.562020520634253
29,14500,6,0,0,0,-1.5707963267948966,0.0,0.15883296714925876,1,0,0,3.141592653589793,0.0,0.48752945169088235,2,0,0,0.8726646259971649,0.0,3.208634574202352,3,0,0,0.9773843811168246,0.0,3.6882988598531328,4,0,0,0.0,0.0,5.112470548309119,5,0,0,1.5707963267948966,0.0,8.49116703285074
30,15000,4,0,0,0,3.141592653589793,0.0,0.9561921038023535,1,0,0,0.0,0.0,1.5938078961976463,2,0,0,-1.5707963267948966,0.0,10.870707339097219,3,0,0,1.5707963267948966,0.0,13.02929266090278
31,15500,9,0,0,0,1.5707963267948966,0.0,0.667036757593749,1,0,0,-1.5707963267948966,0.0,1.8829632424062517,2,0,0,3.141592653589793,0.0,2.1064297637719713,3,0,0,0.0,0.0,3.493570236228029,4,0,0,-0.5235987755982989,0.0,4.034027432638232,5,0,0,-1.082104136236484,0.0,5.586926429499217,6,0,0,-0.942477796076938,0.0,6.097477898121901,7,0,0,-0.8726646259971647,0.0,6.439526174645315,8,0,0,-0.6283185307179585,0.0,8.392458339447558
32,16000,4,0,0,0,0.0,0.0,0.06290467786273357,1,0,0,1.5707963267948966,0.0,1.3631350396275685,2,0,0,3.141592653589793,0.0,2.4870953221372663,3,0,0,-1.5707963267948966,0.0,4.236864960372433
33,16500,6,0,0,0,3.141592653589793,0.0,0.7603414448070311,1,0,0,-0.31415926535898,0.0,1.881758365070243,2,0,0,1.5707963267948966,0.0,2.017294776745878,3,0,0,-0.20943951023931956,0.0,2.5621706079099265,4,0,0,0.0,0.0,7.88965855519297,5,0,0,-1.5707963267948966,0.0,21.88270522325412
34,17000,4,0,0,0,1.5707963267948966,0.0,0.8864513393967526,1,0,0,-1.5707963267948966,0.0,1.6635486606032472,2,0,0,1.586211800603477e-16,0.0,5.599368377931725,3,0,0,-3.141592653589793,0.0,6.100631622068274
35,17500,5,0,0,0,1.5707963267948966,0.0,1.25517012607502,1,0,0,-1.5707963267948966,0.0,1.2948298739249797,2,0,0,-3.141592653589793,0.0,5.466976440576817,3,0,0,2.827433388230814,0.0,8.955278991993818,4,0,0,3.613806560967358e-17,0.0,18.433023559423184
36,18000,7,0,0,0,3.141592653589793,0.0,0.1571844997457248,1,0,0,-1.5707963267948966,0.0,0.923788693773389,2,0,0,-0.3490658503988656,0.0,2.7009774476755477,3,0,0,0.5934119456780719,0.0,2.9081401000141285,4,0,0,0.7330382858376181,0.0,3.219850853051607,5,0,0,1.5707963267948966,0.0,4.676211306226609,6,0,0,0.0,0.0,5.442815500254273
37,18500,8,0,0,0,3.141592653589793,0.0,0.3434470905423077,1,0,0,1.5707963267948966,0.0,1.5835868041006425,2,0,0,-0.4188790204786392,0.0,2.415372865135458,3,0,0,-0.3141592653589793,0.0,3.1273787962831383,4,0,0,-1.0821041362364843,0.0,4.700077884086926,5,0,0,0.0,0.0,5.256552909457692,6,0,0,-1.2566370614359172,0.0,7.430066536346979,7,0,0,-1.5707963267948966,0.0,10.116413195899357
38,19000,10,0,0,0,0.0,0.0,0.2513290566817794,1,0,0,1.0471975511965983,0.0,0.5026581133635593,2,0,0,3.141592653589793,0.0,2.2986709433182213,3,0,0,-1.4660765716752373,0.0,2.6531105201841254,4,0,0,-1.2915436464758039,0.0,2.7449096477098465,5,0,0,-0.3490658503988658,0.0,3.513201001749621,6,0,0,-2.2689280275926285,0.0,3.576097156631858,7,0,0,1.5707963267948966,0.0,6.01142349684498,8,0,0,-1.9547687622336491,0.0,6.1362266007050525,9,0,0,-1.5707963267948966,0.0,8.73857650315502
39,19500,4,0,0,0,3.141592653589793,0.0,0.5409965737477984,1,0,0,0.0,0.0,2.0090034262522014,2,0,0,1.5707963267948966,0.0,7.161496284827599,3,0,0,-1.5707963267948966,0.0,16.7385037151724
40,20000,6,0,0,0,3.1415926535897927,0.0,1.1670813688400274,1,0,0,0.0,0.0,1.3829186311599724,2,0,0,-1.5707963267948966,0.0,1.703429874695892,3,0,0,1.2217304763960308,0.0,4.146643316242311,4,0,0,1.2915436464758039,0.0,5.017166947712698,5,0,0,1.5707963267948966,0.0,9.996570125304107
41,20500,6,0,0,0,1.5707963267948966,0.0,1.4090763464090976,1,0,0,-2.234021442552742,0.0,1.447852898414013,2,0,0,0.0,0.0,1.6757847799656984,3,0,0,3.141592653589793,0.0,3.924215220034302,4,0,0,-1.5707963267948966,0.0,4.190923653590902,5,0,0,-1.7802358370342162,0.0,4.284551381046045
42,21000,11,0,0,0,0.0698131700797732,0.0,1.1293281313333783,1,0,0,0.4886921905584109,0.0,1.2759275339519311,2,0,0,3.071779483510019,0.0,1.4268987087736098,3,0,0,-1.5707963267948966,0.0,2.487120366439939,4,0,0,-1.1170107212763707,0.0,2.767174945896439,5,0,0,-0.9773843811168247,0.0,3.0000092260894644,6,0,0,1.5707963267948966,0.0,3.1128796335600626,7,0,0,3.141592653589793,0.0,4.473422855234715,8,0,0,-0.5235987755982988,0.0,4.974240732879879,9,0,0,-2.234021442552742,0.0,7.026706604061635,10,0,0,0.0,0.0,7.226577144765285
43,21500,7,0,0,0,-1.5707963267948966,0.0,0.28524901689928006,1,0,0,1.5707963267948966,0.0,2.2647509831007198,2,0,0,-3.141592653589793,0.0,3.1117925316622284,3,0,0,0.0,0.0,5.538207468337772,4,0,0,2.0943951023931953,0.0,6.223585063324459,5,0,0,2.059488517353309,0.0,6.628287586145883,6,0,0,1.8151424220741028,0.0,11.76419793881875
44,22000,7,0,0,0,-1.5707963267948966,0.0,1.125965433249898,1,0,0,1.850049007113989,0.0,1.4814223564375526,2,0,0,1.7453292519943295,0.0,2.0909530463117285,3,0,0,0.0,0.0,2.186909813920849,4,0,0,-3.141592653589793,0.0,3.413090186079149,5,0,0,-2.234021442552742,0.0,5.299376200307574,6,0,0,1.5707963267948966,0.0,7.524034566750102
45,22500,7,0,0,0,-1.5707963267948966,0.0,0.42060904155077683,1,0,0,3.141592653589793,0.0,0.8457628813142248,2,0,0,-0.20943951023931967,0.0,2.0230177528566813,3,0,0,1.5707963267948966,0.0,2.129390958449224,4,0,0,0.0,0.0,4.754237118685775,5,0,0,-0.10471975511965978,0.0,4.780424785846743,6,0,0,0.5235987755982988,0.0,9.011556802585803
46,23000,8,0,0,0,3.141592653589793,0.0,0.372090921436925,1,0,0,0.0,0.0,2.1779090785630757,2,0,0,-0.6981317007977313,0.0,2.8430583866591843,3,0,0,1.5707963267948966,0.0,3.8679066656847922,4,0,0,-1.117010721276371,0.0,5.320566323292569,5,0,0,-1.0471975511965974,0.0,5.521885747713601,6,0,0,-1.6406094968746698,0.0,7.8512185079998345,7,0,0,-1.5707963267948966,0.0,10.882093334315208
47,23500,7,0,0,0,3.141592653589793,0.0,0.14178212632238996,1,0,0,-1.5707963267948966,0.0,0.9527627304202397,2,0,0,0.5934119456780724,0.0,2.9048356231378434,3,0,0,0.7330382858376185,0.0,3.2405767908436642,4,0,0,-0.13962634015954634,0.0,6.845882744925165,5,0,0,1.5707963267948966,0.0,10.74723726957976,6,0,0,0.0,0.0,11.558217873677611
48,24000,7,0,0,0,-1.5707963267948966,0.0,0.5179313673257262,1,0,0,0.0,0.0,1.1065003551228685,2,0,0,2.1991148575128547,0.0,2.511774964930453,3,0,0,3.141592653589793,0.0,4.493499644877133,4,0,0,2.3387411976724017,0.0,7.064906780191689,5,0,0,1.5707963267948966,0.0,8.132068632674272,6,0,0,2.6179938779914944,0.0,8.710483101203316
49,24500,6,0,0,0,0.0,0.0,0.4943677934004391,1,0,0,-1.5707963267948966,0.0,2.0168012980240224,2,0,0,3.141592653589793,0.0,2.0556322065995616,3,0,0,2.0943951023931953,0.0,4.137521470291496,4,0,0,2.652900463031381,0.0,5.782486127028057,5,0,0,1.5707963267948966,0.0,6.633198701975978
50,25000,5,0,0,0,3.141592653589793,0.0,0.12023126720520949,1,0,0,0.0,0.0,2.429768732794791,2,0,0,1.5707963267948966,0.0,3.2241116799399663,3,0,0,-1.5707963267948966,0.0,5.425888320060034,4,0,0,-1.605702911834783,0.0,5.42919563935157
51,25500,4,0,0,0,0.0,0.0,0.3363205957424107,1,0,0,3.141592653589793,0.0,2.213679404257589,2,0,0,-1.5707963267948966,0.0,8.530780529411576,3,0,0,1.5707963267948966,0.0,15.369219470588423
52,26000,10,0,0,0,1.5707963267948966,0.0,0.6534177601200746,1,0,0,-1.5707963267948966,0.0,1.8965822398799261,2,0,0,3.141592653589793,0.0,2.720773839004716,3,0,0,0.24434609527920678,0.0,2.967369723502523,4,0,0,0.38397243543875303,0.0,3.1053454466596166,5,0,0,-0.5585053606381852,0.0,3.5790022516435367,6,0,0,-0.4886921905584123,0.0,4.039823474345111,7,0,0,1.0821041362364843,0.0,4.194380040301882,8,0,0,-1.6755160819145565,0.0,4.9738293977411105,9,0,0,0.0,0.0,8.979226160995285
53,26500,8,0,0,0,3.141592653589793,0.0,1.2574151720715498,1,0,0,0.0,0.0,1.2925848279284473,2,0,0,1.5707963267948966,0.0,2.8987231952641146,3,0,0,-1.9896753472735362,0.0,3.091472562105052,4,0,0,2.8623399732707004,0.0,4.48100157352774,5,0,0,-1.5707963267948966,0.0,5.751276804735886,6,0,0,-1.8849555921538759,0.0,9.254210085244264,7,0,0,2.129301687433082,0.0,10.611100049689002
54,27000,7,0,0,0,1.5707963267948966,0.0,1.2099430981256347,1,0,0,-1.5707963267948966,0.0,1.340056901874366,2,0,0,-0.6632251157578457,0.0,2.1766132129114184,3,0,0,-0.5585053606381857,0.0,2.5287944642160394,4,0,0,-2.792526803190927,0.0,4.235159164710162,5,0,0,3.141592653589793,0.0,7.029747814931952,6,0,0,0.0,0.0,10.770252185068049
55,27500,9,0,0,0,0.0,0.0,0.9724614680708434,1,0,0,1.5707963267948966,0.0,1.0389285814464504,2,0,0,3.141592653589793,0.0,1.5775385319291555,3,0,0,-1.361356816555577,0.0,4.677281321920631,4,0,0,-1.2566370614359172,0.0,4.795794298661904,5,0,0,-1.8849555921538759,0.0,5.105021926447972,6,0,0,-1.7802358370342162,0.0,7.781107281604258,7,0,0,-1.8500490071139892,0.0,7.917793303023621,8,0,0,-1.5707963267948966,0.0,10.66107141855355
56,28000,5,0,0,0,3.141592653589793,0.0,0.5116158065471552,1,0,0,0.0,0.0,2.0383841934528455,2,0,0,-1.5707963267948966,0.0,3.730167207171821,3,0,0,1.5707963267948966,0.0,4.919832792828178,4,0,0,-1.8500490071139895,0.0,7.053404120668181
57,28500,7,0,0,0,1.5707963267948966,0.0,0.47579353916553657,1,0,0,-1.5707963267948966,0.0,2.074206460834464,2,0,0,-0.8028514559173915,0.0,2.883486302103635,3,0,0,-0.6981317007977317,0.0,3.226892412947985,4,0,0,3.141592653589793,0.0,3.679614958677856,5,0,0,-0.3839724354387525,0.0,5.537026035554982,6,0,0,0.0,0.0,8.020385041322145
58,29000,6,0,0,0,-1.5707963267948966,0.0,0.303041304246662,1,0,0,3.141592653589793,0.0,1.3450314386869424,2,0,0,1.0821041362364845,0.0,2.566648668052767,3,0,0,0.0,0.0,4.254968561313058,4,0,0,1.5707963267948966,0.0,5.296958695753339,5,0,0,1.2566370614359172,0.0,8.776511755861753
59,29500,7,0,0,0,-1.5707963267948966,0.0,0.8054501475203009,1,0,0,3.141592653589793,0.0,1.1424623334940804,2,0,0,0.8726646259971648,0.0,2.2773480940305504,3,0,0,1.5707963267948966,0.0,4.794549852479699,4,0,0,1.0122909661567112,0.0,8.411729799927146,5,0,0,4.2063710675543973e-17,0.0,10.557537666505919,6,0,0,1.1868238913561442,0.0,11.750150521732296
60,30000,9,0,0,0,1.5707963267948966,0.0,0.4170297750648899,1,0,0,0.0,0.0,0.7280302215017507,2,0,0,-2.2689280275926285,0.0,2.834481796229315,3,0,0,-2.408554367752175,0.0,3.1876739827249634,4,0,0,-2.7576202181510405,0.0,5.693893974169727,5,0,0,-2.792526803190927,0.0,6.236387729082125,6,0,0,-1.5707963267948966,0.0,8.232970224935112,7,0,0,-1.4660765716752369,0.0,8.27831972657216,8,0,0,3.141592653589793,0.0,10.97196977849825
61,30500,12,0,0,0,1.5707963267948966,0.0,0.49547446889730296,1,0,0,-1.5707963267948966,0.0,2.0545255311026978,2,0,0,-1.6057029118347834,0.0,2.0557778554269652,3,0,0,3.141592653589793,0.0,2.604925256204158,4,0,0,0.0,0.0,2.9950747437958434,5,0,0,1.7104226669544431,0.0,3.580317876353301,6,0,0,-0.6283185307179585,0.0,3.7021159810244284,7,0,0,-1.3264502315156903,0.0,5.260793583718965,8,0,0,-1.0122909661567112,0.0,6.019146265686733,9,0,0,2.7576202181510405,0.0,6.0990333560611205,10,0,0,-0.7330382858376183,0.0,8.134450428168561,11,0,0,-0.9424777960769379,0.0,10.284495434716865
62,31000,8,0,0,0,3.141592653589793,0.0,1.0183826428581533,1,0,0,0.0,0.0,1.5316173571418439,2,0,0,-0.767944870877505,0.0,2.1291986852677804,3,0,0,1.5707963267948966,0.0,4.1454492267787195,4,0,0,-1.5707963267948966,0.0,4.504550773221279,5,0,0,-1.2217304763960304,0.0,4.793642807851269,6,0,0,-1.117010721276371,0.0,5.011771931255008,7,0,0,1.9547687622336491,0.0,7.760541980253404
63,31500,7,0,0,0,-1.5707963267948966,0.0,1.1621968341892739,1,0,0,1.5707963267948966,0.0,1.3878031658107268,2,0,0,3.141592653589793,0.0,1.498266248333458,3,0,0,-0.8028514559173906,0.0,1.6156437244847732,4,0,0,0.0,0.0,4.10173375166654,5,0,0,-0.6283185307179586,0.0,7.166217283882014,6,0,0,-0.4188790204786389,0.0,7.828547218790349
64,32000,4,0,0,0,0.0,0.0,0.6829780606321698,1,0,0,-1.5707963267948966,0.0,0.7449254024706491,2,0,0,1.5707963267948966,0.0,1.8050745975293516,3,0,0,3.141592653589793,0.0,4.917021939367832
65,32500,5,0,0,0,-1.5707963267948966,0.0,0.06863648840561609,1,0,0,1.5707963267948966,0.0,2.481363511594388,2,0,0,0.0,0.0,2.5862785808777478,3,0,0,3.141592653589793,0.0,3.013721419122252,4,0,0,1.53588974175501,0.0,5.5347351226875885
66,33000,5,0,0,0,-1.5707963267948966,0.0,0.06971119315085517,1,0,0,3.141592653589793,0.0,1.0861938435921719,2,0,0,1.5707963267948966,0.0,2.4802888068491455,3,0,0,0.0,0.0,4.513806156407829,4,0,0,-0.03490658503988661,0.0,4.516557521216452
67,33500,5,0,0,0,0.0,0.0,0.18730612102906363,1,0,0,-1.3264502315156912,0.0,0.7742421187829003,2,0,0,3.141592653589793,0.0,2.362693878970937,3,0,0,-1.5707963267948966,0.0,3.765744919126039,4,0,0,1.5707963267948966,0.0,4.8842550808739595
68,34000,11,0,0,0,2.513274122871834,0.0,1.1084057857156058,1,0,0,2.2340214425527423,0.0,1.4565132840789092,2,0,0,0.0,0.0,1.6532808826925578,3,0,0,-2.0245819323134224,0.0,2.1232427356270063,4,0,0,-2.234021442552742,0.0,2.4217409735780424,5,0,0,-0.8726646259971648,0.0,2.5720484616976265,6,0,0,3.141592653589793,0.0,3.946719117307442,7,0,0,1.1519173063162575,0.0,4.064745360020216,8,0,0,-1.5707963267948966,0.0,4.95835792962951,9,0,0,0.6283185307179586,0.0,5.813574888283216,10,0,0,1.5707963267948966,0.0,6.7416420703704905
69,34500,6,0,0,0,-1.5707963267948966,0.0,1.1576717745924903,1,0,0,1.5707963267948966,0.0,1.392328225407507,2,0,0,-2.652900463031381,0.0,2.4659039361676167,3,0,0,0.0,0.0,3.4390108616000044,4,0,0,3.141592653589793,0.0,5.210989138399996,5,0,0,0.9773843811168247,0.0,9.03738078156895
70,35000,7,0,0,0,1.5707963267948966,0.0,0.2500974225336918,1,0,0,3.141592653589793,0.0,1.8271043493187253,2,0,0,-1.2566370614359172,0.0,2.418260679634047,3,0,0,-1.0471975511965979,0.0,2.655698744420173,4,0,0,0.0,0.0,3.772895650681275,5,0,0,-1.4660765716752369,0.0,8.446171589169293,6,0,0,-1.5707963267948968,0.0,11.449902577466307
71,35500,5,0,0,0,1.5707963267948966,0.0,0.24857967093973254,1,0,0,-1.5707963267948966,0.0,2.3014203290602673,2,0,0,0.0,0.0,2.558906234195483,3,0,0,1.5009831567151237,0.0,6.364082255456369,4,0,0,-3.141592653589793,0.0,21.341093765804516
72,36000,7,0,0,0,3.141592653589793,0.0,0.33111293757232474,1,0,0,0.0,0.0,2.2188870624276795,2,0,0,0.03490658503988693,0.0,2.220239572386308,3,0,0,-1.5707963267948966,0.0,3.0250792146564383,4,0,0,-0.2443460952792062,0.0,5.430186818043311,5,0,0,1.5707963267948966,0.0,5.624920785343562,6,0,0,1.117010721276371,0.0,9.651733699241799
73,36500,8,0,0,0,3.141592653589793,0.0,0.6639796752081697,1,0,0,-1.5707963267948966,0.0,1.1282325631838255,2,0,0,-0.5235987755982993,0.0,2.256465126367649,3,0,0,0.6632251157578454,0.0,2.393394146157935,4,0,0,1.5707963267948966,0.0,4.471767436816176,5,0,0,0.0,0.0,4.936020324791832,6,0,0,-0.24434609527920637,0.0,5.087129821478572,7,0,0,-0.34906585039886573,0.0,8.498545320184329
74,37000,10,0,0,0,1.1519173063162573,0.0,0.8340018654755419,1,0,0,-1.3613568165555767,0.0,1.8280486327297947,2,0,0,-1.1170107212763711,0.0,1.9894450697486994,3,0,0,3.141592653589793,0.0,2.226422984137491,4,0,0,-2.443460952792061,0.0,2.9063887926300054,5,0,0,0.0,0.0,3.3735770158625087,6,0,0,1.5707963267948966,0.0,3.8118986158706374,7,0,0,-2.0245819323134224,0.0,5.382880988198027,8,0,0,-2.0943951023931953,0.0,5.586558272987577,9,0,0,-1.5707963267948966,0.0,7.888101384129363
75,37500,5,0,0,0,1.5707963267948966,0.0,0.22843313484337102,1,0,0,-1.5707963267948966,0.0,2.321566865156629,2,0,0,-3.141592653589793,0.0,3.4517453602140495,3,0,0,2.9321531433504737,0.0,6.6469982192221755,4,0,0,4.3435414677006513e-17,0.0,20.44825463978595
76,38000,6,0,0,0,-1.5707963267948966,0.0,0.20227356221207415,1,0,0,-1.0471975511966027,0.0,0.2335653911861704,2,0,0,1.5707963267948966,0.0,2.3477264377879266,3,0,0,0.0,0.0,3.162803843499873,4,0,0,-3.1066860685499065,0.0,5.795887658104151,5,0,0,3.141592653589793,0.0,14.637196156500128
77,38500,5,0,0,0,3.141592653589793,0.0,0.4392662986444442,1,0,0,-1.5707963267948966,0.0,0.6367993620749175,2,0,0,0.0,0.0,2.1107337013555565,3,0,0,1.6755160819145567,0.0,4.990539334568597,4,0,0,1.5707963267948966,0.0,8.013200637925083
78,39000,5,0,0,0,0.0,0.0,0.45097966022100877,1,0,0,3.141592653589793,0.0,2.099020339778992,2,0,0,-1.3962634015954638,0.0,2.597088355778881,3,0,0,1.5707963267948966,0.0,3.1930480323325234,4,0,0,-1.5707963267948966,0.0,5.456951967667475
79,39500,8,0,0,0,1.570796326794896,0.0,1.1799150603233102,1,0,0,-1.5358897417550101,0.0,1.3709200671405721,2,0,0,3.141592653589793,0.0,2.543502666401693,3,0,0,-0.4188790204786393,0.0,3.3684817018597424,4,0,0,-1.5707963267948963,0.0,4.420084939676691,5,0,0,0.0,0.0,6.106497333598306,6,0,0,-2.478367537831948,0.0,7.098256769720787,7,0,0,-1.1868238913561442,0.0,8.056746138193889
80,40000,4,0,0,0,3.141592653589793,0.0,0.07932963037572449,1,0,0,0.0,0.0,2.470670369624276,2,0,0,1.5707963267948966,0.0,3.5041724743699056,3,0,0,-1.5707963267948966,0.0,5.145827525630093
81,40500,6,0,0,0,3.141592653589793,0.0,0.6058907854508675,1,0,0,0.0,0.0,1.9441092145491332,2,0,0,1.5707963267948966,0.0,3.0526666474757214,3,0,0,-0.9424777960769375,0.0,3.307516149761743,4,0,0,0.2792526803190926,0.0,5.195368998526693,5,0,0,-1.5707963267948966,0.0,5.597333352524279
82,41000,8,0,0,0,0.0,0.0,0.11040026793684987,1,0,0,-1.4660765716752377,0.0,1.0561742178698292,2,0,0,1.5707963267948966,0.0,1.715819625399984,3,0,0,-2.792526803190927,0.0,2.596167808599796,4,0,0,-1.5707963267948966,0.0,3.8841803746000174,5,0,0,-1.53588974175501,0.0,3.88654795460295,6,0,0,3.141592653589793,0.0,5.489599732063151,7,0,0,-2.234021442552742,0.0,8.79960120196622
83,41500,5,0,0,0,3.141592653589793,0.0,0.3353260558362372,1,0,0,4.0104252006969497e-16,0.0,2.21467394416376,2,0,0,1.7104226669544427,0.0,2.7756501400060962,3,0,0,-1.5707963267948966,0.0,2.8513622963538934,4,0,0,1.5707963267948966,0.0,5.798637703646107
84,42000,9,0,0,0,3.141592653589793,0.0,1.215998628112593,1,0,0,0.0,0.0,1.3340013718874069,2,0,0,-0.03490658503988659,0.0,1.3348145048182614,3,0,0,-1.1519173063162573,0.0,3.3718830955037817,4,0,0,-0.3839724354387524,0.0,4.728297791526757,5,0,0,-0.6283185307179587,0.0,5.418923709105171,6,0,0,1.5707963267948966,0.0,5.569631514400648,7,0,0,-1.5707963267948966,0.0,6.130368485599352,8,0,0,1.2217304763960306,0.0,9.172820264558055
85,42500,10,0,0,0,-1.5707963267948966,0.0,0.9437425956344843,1,0,0,-1.6057029118347848,0.0,0.9443178485532103,2,0,0,1.5707963267948966,0.0,1.6062574043655147,3,0,0,0.0,0.0,2.531857322114927,4,0,0,3.141592653589793,0.0,3.068142677885074,5,0,0,-2.827433388230814,0.0,3.2260361243693936,6,0,0,-2.234021442552742,0.0,5.068132100171402,7,0,0,-2.6878070480712677,0.0,6.807057415519003,8,0,0,1.8849555921538759,0.0,8.102838550946782,9,0,0,-2.0943951023931953,0.0,8.133413367384005
86,43000,5,0,0,0,0.0,0.0,0.5163290959654017,1,0,0,-1.2915436464758037,0.0,1.8732188691731675,2,0,0,3.141592653589793,0.0,2.0336709040345973,3,0,0,-1.5707963267948966,0.0,4.734496891077885,4,0,0,1.5707963267948966,0.0,6.965503108922114
87,43500,6,0,0,0,1.5707963267949028,0.0,0.1422704924629663,1,0,0,3.141592653589793,0.0,0.1976299519832363,2,0,0,-0.8028514559173914,0.0,3.3863696862422152,3,0,0,-1.5707963267948966,0.0,5.457729507537035,4,0,0,-0.4188790204786392,0.0,5.919627721095995,5,0,0,0.0,0.0,8.452370048016764
88,44000,6,0,0,0,3.141592653589793,0.0,0.7963154699919954,1,0,0,1.5707963267948961,0.0,1.878467219775743,2,0,0,-0.3839724354387527,0.0,1.891409693309842,3,0,0,-1.5707963267948966,0.0,3.7215327802242584,4,0,0,-0.1396263401595464,0.0,4.850893088083223,5,0,0,0.0,0.0,7.853684530008004
89,44500,4,0,0,0,1.5707963267948966,0.0,0.7407353442138163,1,0,0,-1.5707963267948966,0.0,1.8092646557861836,2,0,0,-3.141592653589793,0.0,8.964767198746172,3,0,0,-1.486716731368194e-17,0.0,14.935232801253829
90,45000,8,0,0,0,-1.5707963267948966,0.0,0.4365472356051221,1,0,0,-2.1293016874330815,0.0,0.5147670722729846,2,0,0,-2.652900463031381,0.0,0.9298693897764703,3,0,0,1.5707963267948966,0.0,2.1134527643948786,4,0,0,3.141592653589793,0.0,3.3114576460956684,5,0,0,0.0,0.0,5.33854235390433,6,0,0,1.9198621771937627,0.0,8.740573867149863,7,0,0,2.0245819323134224,0.0,12.53173940211637
91,45500,9,0,0,0,0.0,0.0,0.3946283679137963,1,0,0,1.5707963267948966,0.0,0.6849055919457179,2,0,0,-1.3962634015954631,0.0,2.272574196953108,3,0,0,-2.4085543677521746,0.0,2.90033861260031,4,0,0,-2.548180707911721,0.0,3.3353327563318262,5,0,0,-1.5707963267948966,0.0,4.91509440805428,6,0,0,-1.4660765716752369,0.0,4.94216812213492,7,0,0,3.141592653589793,0.0,5.205371632086205,8,0,0,2.897246558310587,0.0,8.508098519376556
92,46000,7,0,0,0,-1.5707963267948966,0.0,1.0527458171766177,1,0,0,-1.1868238913561453,0.0,1.1354229390334851,2,0,0,1.5707963267948966,0.0,1.497254182823383,3,0,0,-2.687807048071268,0.0,2.401494315690325,4,0,0,-2.792526803190927,0.0,3.078022852514279,5,0,0,0.0,0.0,3.4565128954268722,6,0,0,3.141592653589793,0.0,8.243487104573129
93,46500,8,0,0,0,-1.9896753472735351,0.0,0.727135842764141,1,0,0,-2.4783675378319487,0.0,1.0789560056440737,2,0,0,1.5707963267948966,0.0,1.8857283537536915,3,0,0,0.0,0.0,2.2575455372337565,4,0,0,3.141592653589793,0.0,3.3424544627662414,5,0,0,-1.012290966156711,0.0,4.379788909473825,6,0,0,-0.4886921905584123,0.0,6.01116711813922,7,0,0,-1.5707963267948966,0.0,6.764271646246307
94,47000,7,0,0,0,-1.5707963267948966,0.0,0.20031097391648967,1,0,0,1.5707963267948966,0.0,2.34968902608351,2,0,0,0.0,0.0,2.7734593099782323,3,0,0,-0.10471975511965981,0.0,2.7887362992156297,4,0,0,3.141592653589793,0.0,2.826540690021768,5,0,0,-0.6981317007977317,0.0,5.056586226827755,6,0,0,1.710422666954443,0.0,8.532728957747118
95,47500,9,0,0,0,-1.5707963267948966,0.0,0.8903560775279047,1,0,0,-2.3387411976724017,0.0,1.2377406020197166,2,0,0,1.5707963267948966,0.0,1.659643922472096,3,0,0,-2.5830872929516078,0.0,1.6801730709228941,4,0,0,-0.4537856055185254,0.0,2.031055383205457,5,0,0,2.7227136331111534,0.0,4.265374877046792,6,0,0,0.0,0.0,4.753386155931036,7,0,0,2.2689280275926285,0.0,6.14800350655454,8,0,0,3.141592653589793,0.0,6.946613844068964
96,48000,9,0,0,0,-1.5707963267948966,0.0,0.5137003990363738,1,0,0,-1.7104226669544433,0.0,0.5187488269607469,2,0,0,1.5707963267948966,0.0,2.036299600963627,3,0,0,-2.967059728390361,0.0,2.958282695149781,4,0,0,0.0,0.0,2.9779313519150943,5,0,0,-3.001966313430247,0.0,3.691089696878826,6,0,0,2.792526803190927,0.0,6.0360893792494545,7,0,0,3.141592653589793,0.0,8.722068648084907,8,0,0,2.5830872929516078,0.0,9.598253817632997
97,48500,7,0,0,0,3.141592653589793,0.0,1.0532484953689831,1,0,0,0.0,0.0,1.4967515046310176,2,0,0,0.27925268031909295,0.0,1.557069745892652,3,0,0,-1.5707963267948966,0.0,2.6658228245678757,4,0,0,-1.0471975511965972,0.0,3.078227050752222,5,0,0,-0.10471975511965975,0.0,4.571796283024361,6,0,0,1.5707963267948966,0.0,5.9841771754321265
98,49000,12,0,0,0,-1.5707963267948966,0.0,0.686108531628971,1,0,0,-1.9896753472735373,0.0,0.7510392897135856,2,0,0,1.5707963267948966,0.0,1.8638914683710261,3,0,0,0.0,0.0,2.7553364291349496,4,0,0,3.141592653589793,0.0,2.8446635708650483,5,0,0,-0.9424777960769383,0.0,4.687658321450938,6,0,0,1.7453292519943295,0.0,4.98969616490226,7,0,0,-1.2566370614359172,0.0,7.135336770588881,8,0,0,-1.1519173063162573,0.0,7.428320588600473,9,0,0,-1.117010721276371,0.0,7.55023752056563,10,0,0,2.443460952792061,0.0,7.694936793568676,11,0,0,2.199114857512855,0.0,9.843911220337207
99,49500,5,0,0,0,1.5707963267948966,0.0,0.37383011547280987,1,0,0,-1.5707963267948966,0.0,2.1761698845271873,2,0,0,-1.6755160819145565,0.0,2.188156836628868,3,0,0,3.141592653589793,0.0,3.2113063951759333,4,0,0,0.0,0.0,5.438693604824067
100,50000,7,0,0,0,0.0,0.0,0.10905566075746265,1,0,0,3.141592653589793,0.0,2.440944339242538,2,0,0,1.5707963267948966,0.0,2.6647379703878737,3,0,0,-1.5358897417550095,0.0,3.1248490970257845,4,0,0,0.8377580409572782,0.0,4.721134604719076,5,0,0,1.3264502315156907,0.0,5.889686840445117,6,0,0,-1.5707963267948966,0.0,5.985262029612127
101,50500,6,0,0,0,-1.5707963267948966,0.0,0.27579901725603273,1,0,0,1.5707963267948966,0.0,2.274200982743967,2,0,0,1.6298656525651823e-16,0.0,2.7246982544305283,3,0,0,-0.9773843811168241,0.0,4.011638467730878,4,0,0,1.466076571675237,0.0,5.35352817020927,5,0,0,-3.141592653589793,0.0,8.975301745569471
102,51000,7,0,0,0,1.5707963267948966,0.0,0.21944030925530633,1,0,0,-1.5707963267948966,0.0,2.3305596907446944,2,0,0,0.0,0.0,2.794003507594933,3,0,0,3.141592653589793,0.0,2.805996492405068,4,0,0,0.6981317007977317,0.0,5.086346189606354,5,0,0,-1.4660765716752369,0.0,5.410197317729503,6,0,0,0.2792526803190926,0.0,6.079513552124234
103,51500,7,0,0,0,-1.5707963267948966,0.0,0.055053099502112346,1,0,0,3.141592653589793,0.0,1.1772716255256839,2,0,0,-0.034906585039886334,0.0,1.5774754567783138,3,0,0,1.0471975511965976,0.0,2.880916529232557,4,0,0,1.1519173063162575,0.0,3.3749808330362128,5,0,0,0.0,0.0,4.422728374474314,6,0,0,1.5707963267948966,0.0,8.59494690049789
104,52000,5,0,0,0,0.0,0.0,0.24107049681593828,1,0,0,-1.5707963267948966,0.0,0.6053803454684434,2,0,0,2.4434609527920608,0.0,3.025291130735811,3,0,0,1.5707963267948966,0.0,4.994619654531558,4,0,0,3.141592653589793,0.0,5.358929503184061
105,52500,6,0,0,0,3.141592653589793,0.0,0.06804367473510453,1,0,0,-1.5707963267948966,0.0,1.9281784416685666,2,0,0,0.24434609527920612,0.0,2.5703401372169448,3,0,0,1.5707963267948966,0.0,3.671821558331434,4,0,0,0.45378560551852565,0.0,6.154865342113715,5,0,0,0.0,0.0,11.631956325264895
106,53000,4,0,0,0,-1.5707963267948966,0.0,0.4360644651432608,1,0,0,0.0,0.0,0.7562316988282696,2,0,0,1.5707963267948966,0.0,2.1139355348567364,3,0,0,3.141592653589793,0.0,4.843768301171732
107,53500,9,0,0,0,0.0,0.0,0.22097479065508807,1,0,0,-2.722713633111154,0.0,2.5676251156028487,2,0,0,2.548180707911721,0.0,2.8093120100298994,3,0,0,2.4085543677521746,0.0,3.1340125497728573,4,0,0,-1.5707963267948966,0.0,4.094347220197417,5,0,0,1.5009831567151235,0.0,4.566777219584069,6,0,0,-3.141592653589793,0.0,5.379025209344913,7,0,0,1.53588974175501,0.0,6.331747203656719,8,0,0,1.5707963267948966,0.0,10.655652779802583
108,54000,6,0,0,0,1.5707963267948966,0.0,0.05342504837082096,1,0,0,-1.5707963267948966,0.0,2.496574951629179,2,0,0,0.0,0.0,2.7420846742775575,3,0,0,3.141592653589793,0.0,2.857915325722443,4,0,0,-0.7679448708775052,0.0,3.81194627766549,5,0,0,-1.4660765716752369,0.0,5.577127037082749
109,54500,10,0,0,0,1.5707963267948966,0.0,0.19445090856534364,1,0,0,3.141592653589793,0.0,0.7197142779087979,2,0,0,-0.9075712110370515,0.0,2.989234703528243,3,0,0,0.06981317007977292,0.0,4.892202882431547,4,0,0,-1.5707963267948966,0.0,5.405549091434658,5,0,0,-0.4188790204786389,0.0,5.791337297819202,6,0,0,-0.38397243543875237,0.0,6.288060949368762,7,0,0,-0.27925268031909267,0.0,8.54582676013824,8,0,0,-1.1519173063162575,0.0,9.255750790173218,9,0,0,0.0,0.0,10.980285722091203
110,55000,4,0,0,0,0.0,0.0,0.638911572727626,1,0,0,3.141592653589793,0.0,1.9110884272723738,2,0,0,1.5707963267948966,0.0,5.139040460323567,3,0,0,-1.5707963267948966,0.0,18.76095953967643
111,55500,10,0,0,0,3.141592653589793,0.0,0.8636585354514743,1,0,0,-2.827433388230814,0.0,0.9081043246681715,2,0,0,-0.17453292519943348,0.0,1.7123559998289555,3,0,0,-0.10471975511965975,0.0,2.4914530934316836,4,0,0,0.9424777960769375,0.0,2.868975459951532,5,0,0,1.0471975511965976,0.0,3.372682929097052,6,0,0,-1.850049007113989,0.0,3.443836134475783,7,0,0,0.0,0.0,4.736341464548527,8,0,0,-1.5707963267948966,0.0,6.360427763159856,9,0,0,1.5707963267948966,0.0,8.389572236840145
112,56000,7,0,0,0,3.141592653589793,0.0,0.08001378884234622,1,0,0,0.0,0.0,2.4699862111576536,2,0,0,1.5707963267948966,0.0,2.6861232868100036,3,0,0,-0.8726646259971649,0.0,3.8426164007146357,4,0,0,0.0698131700797731,0.0,5.533465454894777,5,0,0,-1.1519173063162575,0.0,6.52827581079517,6,0,0,-1.5707963267948966,0.0,9.013876713189996
113,56500,4,0,0,0,1.5707963267948966,0.0,1.2727053710826206,1,0,0,-1.5707963267948966,0.0,1.2772946289173792,2,0,0,1.042259195740832e-16,0.0,6.391249100964849,3,0,0,-3.141592653589793,0.0,17.50875089903515
114,57000,7,0,0,0,1.5707963267948966,0.0,0.3042233663335292,1,0,0,3.141592653589793,0.0,1.5519161949978226,2,0,0,-1.5707963267948966,0.0,2.2457766336664715,3,0,0,-1.1519173063162578,0.0,2.4583085766325037,4,0,0,0.0,0.0,4.048083805002177,5,0,0,-0.5235987755982988,0.0,4.6743245490403424,6,0,0,-0.9773843811168248,0.0,6.387860826796088
115,57500,4,0,0,0,1.5707963267948966,0.0,0.07234173561163448,1,0,0,-1.5707963267948966,0.0,2.4776582643883653,2,0,0,0.0,0.0,3.776231693761069,3,0,0,-3.141592653589793,0.0,4.873768306238931
116,58000,7,0,0,0,3.141592653589793,0.0,0.1395958752396127,1,0,0,1.5707963267948966,0.0,0.9251911319179875,2,0,0,-1.5707963267948966,0.0,1.6248088680820132,3,0,0,0.0,0.0,5.460404124760387,4,0,0,-0.3141592653589792,0.0,5.741408666260363,5,0,0,-0.48869219055841234,0.0,9.95759751739005,6,0,0,-0.3839724354387526,0.0,12.468297487947318
117,58500,8,0,0,0,3.141592653589793,0.0,0.14374301043766735,1,0,0,-1.5707963267948966,0.0,1.0616889153508424,2,0,0,-0.3839724354387529,0.0,2.8341436963766595,3,0,0,0.5585053606381852,0.0,2.8374062750309923,4,0,0,-0.34906585039886584,0.0,3.104170722307169,5,0,0,0.6981317007977317,0.0,3.1411454141814095,6,0,0,1.5707963267948966,0.0,7.588311084649156,7,0,0,0.0,0.0,8.506256989562331
118,59000,5,0,0,0,3.141592653589793,0.0,0.08948546999228135,1,0,0,-1.6755160819145563,0.0,0.856087109624359,2,0,0,0.0,0.0,2.4605145300077194,3,0,0,-1.5707963267948966,0.0,3.8281772249067956,4,0,0,1.5707963267948966,0.0,4.821822775093203
119,59500,4,0,0,0,1.5707963267948966,0.0,0.412160926141504,1,0,0,-1.5707963267948966,0.0,2.137839073858496,2,0,0,-3.141592653589793,0.0,4.012858483196567,3,0,0,-1.1554079208229007e-16,0.0,7.6871415168034325
120,60000,5,0,0,0,-1.5707963267948966,0.0,0.11822866199421611,1,0,0,-2.8623399732707004,0.0,0.4289282983570281,2,0,0,1.5707963267948966,0.0,2.4317713380057846,3,0,0,0.0,0.0,2.686127973786977,4,0,0,-3.141592653589793,0.0,15.113872026213024
121,60500,9,0,0,0,0.0,0.0,0.8100649812154437,1,0,0,3.141592653589793,0.0,1.739935018784557,2,0,0,3.0717794835100194,0.0,1.7441837627682877,3,0,0,-1.5707963267948966,0.0,2.958891876871995,4,0,0,-2.897246558310587,0.0,4.936572314059722,5,0,0,1.5707963267948966,0.0,5.691108123128005,6,0,0,-2.234021442552742,0.0,7.6253932441522165,7,0,0,2.059488517353309,0.0,10.202822489099454,8,0,0,1.9547687622336491,0.0,12.71711976546143
122,61000,7,0,0,0,0.0,0.0,0.5449495846421257,1,0,0,-2.932153143350474,0.0,2.0498444343713436,2,0,0,1.5707963267948966,0.0,2.166132380368726,3,0,0,-3.001966313430247,0.0,2.7582026769772328,4,0,0,-1.3962634015954638,0.0,3.4868405626663503,5,0,0,3.141592653589793,0.0,5.055050415357872,6,0,0,-1.5707963267948966,0.0,6.483867619631273
123,61500,7,0,0,0,0.0,0.0,0.12769678301608156,1,0,0,3.141592653589793,0.0,2.4223032169839183,2,0,0,-1.5707963267948966,0.0,2.7398648734920474,3,0,0,1.5707963267948966,0.0,2.860135126507954,4,0,0,-1.3264502315156905,0.0,5.967113650715127,5,0,0,-1.0122909661567112,0.0,5.996567774553773,6,0,0,1.3264502315156905,0.0,6.091065812678682
124,62000,6,0,0,0,1.5707963267948966,0.0,0.28046027984603583,1,0,0,0.0,0.0,2.1994434047399594,2,0,0,-1.7453292519943295,0.0,2.3045510285760624,3,0,0,3.141592653589793,0.0,3.400556595260041,4,0,0,-1.5707963267948966,0.0,5.319539720153964,5,0,0,-1.6406094968746698,0.0,5.332529493989327
125,62500,11,0,0,0,3.141592653589793,0.0,0.2688540922973619,1,0,0,0.0,0.0,2.281145907702637,2,0,0,0.20943951023931948,0.0,2.332108064254643,3,0,0,-1.5707963267948966,0.0,2.6127655019998066,4,0,0,1.5707963267948966,0.0,2.987234498000195,5,0,0,-2.8972465583105875,0.0,3.420456261345345,6,0,0,-0.8377580409572779,0.0,3.515822774277374,7,0,0,-0.7330382858376185,0.0,3.9047167730339427,8,0,0,-1.8849555921538756,0.0,5.954184010072445,9,0,0,-0.45378560551852554,0.0,5.960167591178033,10,0,0,-0.03490658503988673,0.0,8.386254587408272
126,63000,6,0,0,0,0.4188790204786398,0.0,0.8624113870626182,1,0,0,0.8377580409572793,0.0,1.1774263466402897,2,0,0,3.141592653589793,0.0,1.7621479947296894,3,0,0,-1.5707963267948966,0.0,2.2147657242046783,4,0,0,0.0,0.0,3.837852005270312,5,0,0,1.5707963267948966,0.0,6.43523427579532
127,63500,7,0,0,0,-1.5707963267948966,0.0,0.15193081957837862,1,0,0,-2.967059728390359,0.0,0.8749347192677809,2,0,0,-3.036872898470133,0.0,1.4534875461561827,3,0,0,1.5707963267948966,0.0,2.398069180421622,4,0,0,-3.1066860685499065,0.0,6.903640924933637,5,0,0,0.0,0.0,7.850564586587698,6,0,0,3.141592653589793,0.0,9.949435413412303
128,64000,7,0,0,0,0.0,0.0,0.21689291802070265,1,0,0,-1.5707963267948966,0.0,1.402535544732956,2,0,0,2.6878070480712677,0.0,2.617563823878091,3,0,0,2.5132741228718345,0.0,2.8838789521125867,4,0,0,-2.897246558310587,0.0,5.797472532432002,5,0,0,1.5707963267948966,0.0,7.247464455267043,6,0,0,3.141592653589793,0.0,8.433107081979298
129,64500,5,0,0,0,0.0,0.0,0.10593528355231996,1,0,0,-1.5009831567151226,0.0,1.5186444765098783,2,0,0,3.141592653589793,0.0,2.4440647164476808,3,0,0,1.5707963267948966,0.0,4.130396166185012,4,0,0,-1.5707963267948966,0.0,4.519603833814989
130,65000,9,0,0,0,-1.5707963267948966,0.0,0.7468305986605159,1,0,0,1.5707963267948966,0.0,1.8031694013394848,2,0,0,0.0,0.0,2.7240053726811784,3,0,0,-2.862339973270701,0.0,2.991895588340768,4,0,0,-2.199114857512855,0.0,4.89293430908976,5,0,0,3.141592653589793,0.0,5.925994627318821,6,0,0,-1.9896753472735358,0.0,7.494789166079073,7,0,0,-2.9321531433504737,0.0,9.176523686798431,8,0,0,-1.3264502315156905,0.0,10.199808502346638
131,65500,11,0,0,0,-1.5707963267948966,0.0,0.14464087206194698,1,0,0,0.0,0.0,2.1312595449862783,2,0,0,1.7453292519943295,0.0,2.4424656696505873,3,0,0,1.6755160819145565,0.0,5.485408771134118,4,0,0,1.6406094968746698,0.0,6.002890234241341,5,0,0,-3.141592653589793,0.0,6.518740455013722,6,0,0,1.3264502315156903,0.0,8.809700914848506,7,0,0,1.361356816555577,0.0,10.250792231084244,8,0,0,2.6878070480712677,0.0,10.64619919815171,9,0,0,2.6179938779914944,0.0,10.910718255876109,10,0,0,1.5707963267948966,0.0,14.605359127938055
132,66000,4,0,0,0,1.5707963267948966,0.0,0.12728135330892076,1,0,0,-1.5707963267948966,0.0,2.422718646691079,2,0,0,0.0,0.0,9.53478196704567,3,0,0,-3.141592653589793,0.0,14.36521803295433
133,66500,4,0,0,0,0.0,0.0,0.43767742877376925,1,0,0,3.141592653589793,0.0,2.1123225712262306,2,0,0,1.5707963267948966,0.0,10.316893017077598,3,0,0,-1.5707963267948968,0.0,13.5831069829224
134,67000,6,0,0,0,-1.5707963267948966,0.0,0.6094788925411763,1,0,0,1.5707963267948966,0.0,1.9405211074588227,2,0,0,0.0,0.0,2.5576458365492734,3,0,0,3.141592653589793,0.0,3.042354163450728,4,0,0,-1.5358897417550104,0.0,3.661709507036784,5,0,0,1.53588974175501,0.0,4.9935630511480245
135,67500,8,0,0,0,0.0,0.0,0.392454145913522,1,0,0,-0.837758040957277,0.0,0.5865135179649013,2,0,0,3.141592653589793,0.0,2.1575458540864787,3,0,0,-1.5707963267948966,0.0,3.485609482343463,4,0,0,-1.4311699866353504,0.0,3.5198645623027747,5,0,0,1.5707963267948966,0.0,5.164390517656539,6,0,0,-1.1868238913561442,0.0,9.189518301114067,7,0,0,-1.2915436464758039,0.0,9.971904136871528
136,68000,9,0,0,0,0.0,0.0,0.2987277583390373,1,0,0,-1.221730476396029,0.0,0.8734215342825289,2,0,0,3.141592653589793,0.0,2.2512722416609634,3,0,0,-1.4660765716752369,0.0,3.8395779752268155,4,0,0,-1.361356816555577,0.0,3.903852917976979,5,0,0,-2.0943951023931953,0.0,4.502544483321929,6,0,0,1.5707963267948966,0.0,4.831455634663152,7,0,0,-1.8849555921538759,0.0,7.285270009873216,8,0,0,-1.5707963267948966,0.0,9.91854436533685
137,68500,6,0,0,0,0.0,0.0,0.6180505765950404,1,0,0,0.27925268031909284,0.0,0.6429576661657584,2,0,0,3.141592653589793,0.0,1.9319494234049603,3,0,0,1.5707963267948966,0.0,2.7088504863610057,4,0,0,-1.5707963267948966,0.0,2.891149513638994,5,0,0,3.036872898470133,0.0,5.009391393600374
138,69000,5,0,0,0,3.141592653589793,0.0,0.6515913989645306,1,0,0,-0.24434609527920625,0.0,1.956525778302225,2,0,0,1.5707963267948966,0.0,2.1324332432909916,3,0,0,-1.5707963267948966,0.0,3.467566756709009,4,0,0,0.0,0.0,4.948408601035467
139,69500,7,0,0,0,-1.5707963267948966,0.0,0.5397356403690736,1,0,0,-1.1519173063162564,0.0,0.590814212750681,2,0,0,-2.0245819323134233,0.0,0.6005109208182503,3,0,0,1.5707963267948966,0.0,2.010264359630927,4,0,0,-0.17453292519943273,0.0,3.1082136744580526,5,0,0,0.0,0.0,5.839635349818229,6,0,0,3.141592653589793,0.0,5.860364650181772
140,70000,7,0,0,0,1.5707963267948966,0.0,0.36970933265720873,1,0,0,-1.5707963267948966,0.0,2.180290667342792,2,0,0,-1.8849555921538756,0.0,2.292493274570188,3,0,0,-2.0594885173533086,0.0,2.469331911629265,4,0,0,-0.837758040957278,0.0,2.933870482031789,5,0,0,0.0,0.0,4.950330390976534,6,0,0,3.141592653589793,0.0,6.749669609023467
141,70500,5,0,0,0,-1.5707963267948966,0.0,0.4263868174262271,1,0,0,1.5707963267948966,0.0,2.1236131825737727,2,0,0,-3.141592653589793,0.0,2.790294240862476,3,0,0,1.7104226669544427,0.0,5.224457241308795,4,0,0,9.968661633850662e-17,0.0,8.909705759137523
142,71000,8,0,0,0,1.5707963267948966,0.0,0.2102978350349911,1,0,0,3.141592653589793,0.0,0.5098549008460393,2,0,0,-0.8377580409572781,0.0,3.1483798107078114,3,0,0,-0.7330382858376184,0.0,3.4966300192076605,4,0,0,0.0,0.0,5.090145099153961,5,0,0,-1.2217304763960306,0.0,5.964985217877508,6,0,0,-1.3264502315156905,0.0,8.698072078866778,7,0,0,-1.5707963267948966,0.0,11.489702164965008
143,71500,8,0,0,0,3.141592653589793,0.0,0.3006302921595818,1,0,0,0.0,0.0,2.2493697078404153,2,0,0,1.5707963267948966,0.0,3.04676708855229,3,0,0,-0.8726646259971651,0.0,3.49939804990538,4,0,0,-1.5707963267948966,0.0,5.603232911447709,5,0,0,-1.1868238913561442,0.0,6.043281366310821,6,0,0,1.8500490071139892,0.0,6.3424633628005305,7,0,0,-1.0821041362364843,0.0,6.3460537825408245
144,72000,6,0,0,0,3.141592653589793,0.0,0.1324964420444701,1,0,0,-1.5707963267948966,0.0,2.1756730251289014,2,0,0,0.17453292519943286,0.0,2.454797447076518,3,0,0,0.3490658503988659,0.0,2.5726535512577087,4,0,0,1.5707963267948966,0.0,3.4243269748710983,5,0,0,0.0,0.0,23.76750355795553
145,72500,6,0,0,0,3.141592653589793,0.0,0.1783713508699698,1,0,0,-1.5707963267948966,0.0,0.5098305703171455,2,0,0,0.6981317007977317,0.0,3.173940192589837,3,0,0,0.0,0.0,5.421628649130032,4,0,0,1.1170107212763707,0.0,5.6633323848126285,5,0,0,1.5707963267948966,0.0,8.140169429682853
146,73000,5,0,0,0,-1.5707963267948966,0.0,0.06325867873399815,1,0,0,1.5707963267948966,0.0,2.486741321265999,2,0,0,0.0,0.0,2.772912200287241,3,0,0,3.141592653589793,0.0,2.8270877997127606,4,0,0,1.710422666954443,0.0,8.671128144299356
147,73500,6,0,0,0,0.0,0.0,0.11856930235246921,1,0,0,-1.5009831567151226,0.0,1.6997605525100608,2,0,0,3.141592653589793,0.0,2.4314306976475315,3,0,0,1.5707963267948966,0.0,4.174770744683379,4,0,0,-1.5707963267948966,0.0,4.4752292553166235,5,0,0,-1.5358897417550101,0.0,4.47795710579512
148,74000,7,0,0,0,-1.5707963267948966,0.0,0.3966117303740173,1,0,0,-2.4434609527920603,0.0,0.6170183189551983,2,0,0,1.5707963267948966,0.0,2.1533882696259816,3,0,0,0.0,0.0,2.59573401870502,4,0,0,3.141592653589793,0.0,3.004265981294978,5,0,0,-1.43116998663535,0.0,6.560457653279575,6,0,0,1.7802358370342162,0.0,8.437773873221483
149,74500,4,0,0,0,1.5707963267948966,0.0,0.14320207734525425,1,0,0,-1.5707963267948966,0.0,2.4067979226547465,2,0,0,3.141592653589793,0.0,2.7908939543507714,3,0,0,0.0,0.0,2.80910604564923
150,75000,9,0,0,0,3.141592653589793,0.0,0.2943391674395741,1,0,0,1.5707963267948966,0.0,1.7176152629027008,2,0,0,-0.3839724354387529,0.0,2.4328085756134636,3,0,0,-1.0471975511965979,0.0,4.5113216651208505,4,0,0,-0.1745329251994327,0.0,5.3875092030217315,5,0,0,-1.5707963267948966,0.0,6.932384737097298,6,0,0,-0.2792526803190926,0.0,8.692389250363497,7,0,0,-0.06981317007977318,0.0,11.93272383794201,8,0,0,0.0,0.0,17.505660832560427
151,75500,7,0,0,0,-1.5707963267948966,0.0,0.31882745335474816,1,0,0,3.141592653589793,0.0,1.0591252513446037,2,0,0,0.9773843811168251,0.0,2.69128037197267,3,0,0,1.0821041362364843,0.0,3.175644419884345,4,0,0,0.0,0.0,4.540874748655398,5,0,0,1.5707963267948966,0.0,8.331172546645252,6,0,0,1.3264502315156907,0.0,11.729591544555486
152,76000,6,0,0,0,0.0,0.0,0.25211180174650316,1,0,0,1.5707963267948966,0.0,0.3863600261568747,2,0,0,-1.4660765716752369,0.0,2.4118961846875218,3,0,0,-2.3736477827122884,0.0,3.194440509438927,4,0,0,-1.5707963267948966,0.0,5.213639973843125,5,0,0,-3.141592653589793,0.0,5.347888198253497
153,76500,5,0,0,0,3.141592653589793,0.0,0.08899072902117311,1,0,0,1.815142422074104,0.0,0.36784900680686844,2,0,0,0.0,0.0,2.4610092709788276,3,0,0,-1.5707963267948966,0.0,2.7218488829919174,4,0,0,1.5707963267948966,0.0,5.928151117008081
154,77000,7,0,0,0,3.141592653589793,0.0,0.10000516248497249,1,0,0,-1.5707963267948966,0.0,0.19324856232958076,2,0,0,0.7679448708775053,0.0,3.4058936212922157,3,0,0,1.5707963267948966,0.0,5.406751437670421,4,0,0,0.0,0.0,5.499994837515028,5,0,0,0.8726646259971648,0.0,8.556473016331392,6,0,0,1.0471975511965976,0.0,9.765015438017546
155,77500,7,0,0,0,1.5707963267948966,0.0,0.16751054295771795,1,0,0,0.0,0.0,0.3282899269593269,2,0,0,-2.3387411976724017,0.0,3.3120500991612776,3,0,0,-2.7227136331111534,0.0,5.857572701160035,4,0,0,3.141592653589793,0.0,8.321710073040673,5,0,0,-1.5707963267948966,0.0,11.532489457042281,6,0,0,-2.792526803190927,0.0,12.101521094770316
156,78000,7,0,0,0,3.141592653589793,0.0,0.08894651947839449,1,0,0,-1.5707963267948966,0.0,1.5526727089349208,2,0,0,0.3839724354387525,0.0,2.662332453817181,3,0,0,0.5585053606381853,0.0,2.9020211137501977,4,0,0,-0.5585053606381853,0.0,2.9300174832889727,5,0,0,0.0,0.0,5.511053480521603,6,0,0,1.5707963267948966,0.0,7.097327291065081
157,78500,7,0,0,0,3.141592653589793,0.0,0.07392722208663738,1,0,0,0.0,0.0,2.4760727779133633,2,0,0,1.5707963267948966,0.0,2.727715625667427,3,0,0,-1.5707963267948966,0.0,2.8722843743325726,4,0,0,-1.6057029118347832,0.0,2.874035158897542,5,0,0,1.7802358370342162,0.0,5.906793229705813,6,0,0,-1.7802358370342162,0.0,12.290869358891708
158,79000,6,0,0,0,-1.5707963267948966,0.0,0.22517080995625705,1,0,0,-3.0368728984701328,0.0,2.154157852485477,2,0,0,1.5707963267948966,0.0,2.3248291900437437,3,0,0,-3.07177948351002,0.0,3.227955741888681,4,0,0,0.0,0.0,3.5482688227539185,5,0,0,3.141592653589793,0.0,5.10173117724608
159,79500,8,0,0,0,1.5707963267948966,0.0,0.9498838693781799,1,0,0,-1.5707963267948966,0.0,1.6001161306218208,2,0,0,3.141592653589793,0.0,2.7049111171626343,3,0,0,0.0,0.0,2.895088882837367,4,0,0,1.7453292519943295,0.0,4.061588525419126,5,0,0,-1.6755160819145567,0.0,4.675730270272104,6,0,0,2.6179938779914944,0.0,6.645198965312431,7,0,0,1.2217304763960306,0.0,7.502329712328734
160,80000,10,0,0,0,0.0,0.0,0.4651883984132361,1,0,0,-3.0368728984701328,0.0,2.0962953267255635,2,0,0,1.5707963267948966,0.0,2.3969062138388395,3,0,0,-1.4311699866353504,0.0,3.342516586928092,4,0,0,-3.1066860685499065,0.0,4.386704698528957,5,0,0,3.141592653589793,0.0,5.134811601586762,6,0,0,-1.5707963267948966,0.0,6.253093786161159,7,0,0,-1.466076571675237,0.0,6.287537574872222,8,0,0,2.6179938779914944,0.0,9.451006362884979,9,0,0,2.4085543677521746,0.0,12.698427082981024
161,80500,8,0,0,0,0.0,0.0,0.18516753803926278,1,0,0,1.5707963267948966,0.0,0.3867269071987529,2,0,0,-2.408554367752175,0.0,3.2329609081445505,3,0,0,-2.024581932313423,0.0,5.800297759277758,4,0,0,-2.792526803190927,0.0,6.324987387486696,5,0,0,-1.5707963267948966,0.0,8.263273092801247,6,0,0,-2.2689280275926285,0.0,8.423983879529548,7,0,0,3.141592653589793,0.0,8.464832461960736
162,81000,5,0,0,0,-1.5707963267948966,0.0,0.13595539987672822,1,0,0,-0.17453292519943162,0.0,0.7829359438340775,2,0,0,3.141592653589793,0.0,1.8749741103058248,3,0,0,1.5707963267948966,0.0,2.4140446001232725,4,0,0,0.0,0.0,3.725025889694173
163,81500,4,0,0,0,1.5707963267948966,0.0,0.21102747297680757,1,0,0,-1.5707963267948966,0.0,2.3389725270231922,2,0,0,0.0,0.0,4.495295235481905,3,0,0,-3.141592653589793,0.0,7.204704764518095
164,82000,4,0,0,0,3.141592653589793,0.0,0.5815735207554802,1,0,0,0.0,0.0,1.9684264792445187,2,0,0,1.5707963267948966,0.0,3.2057176102094616,3,0,0,-1.5707963267948966,0.0,8.494282389790538
165,82500,8,0,0,0,0.0,0.0,0.4063793674600866,1,0,0,3.141592653589793,0.0,2.143620632539914,2,0,0,-1.3962634015954631,0.0,2.3402455062877197,3,0,0,1.5707963267948966,0.0,3.4814097170759624,4,0,0,-1.4660765716752366,0.0,5.19706032315166,5,0,0,-1.9547687622336491,0.0,5.722324887538566,6,0,0,-1.8500490071139892,0.0,8.549794834903523,7,0,0,-1.5707963267948966,0.0,11.268590282924038
166,83000,6,0,0,0,-1.5707963267948966,0.0,0.6635922789740833,1,0,0,3.141592653589793,0.0,1.633760502116278,2,0,0,1.5707963267948966,0.0,1.8864077210259174,3,0,0,0.0,0.0,3.9662394978837234,4,0,0,0.9075712110370516,0.0,6.442240836631449,5,0,0,0.5585053606381853,0.0,8.273398088720606
167,83500,9,0,0,0,0.0,0.0,0.3429418694846973,1,0,0,-0.9075712110370535,0.0,0.5570299315923525,2,0,0,3.141592653589793,0.0,2.2070581305153,3,0,0,-1.5707963267948966,0.0,3.4841515238634955,4,0,0,-1.4660765716752369,0.0,3.5033432044985875,5,0,0,-1.3264502315156903,0.0,3.5908140472139354,6,0,0,1.5707963267948966,0.0,5.165848476136503,7,0,0,2.059488517353309,0.0,9.305023925071387,8,0,0,2.199114857512855,0.0,13.925354540717136
168,84000,11,0,0,0,1.5707963267948966,0.0,0.15005901914167197,1,0,0,-1.5707963267948966,0.0,2.3999409808583287,2,0,0,-1.6057029118347828,0.0,2.40140385120072,3,0,0,0.0,0.0,3.0254290531210266,4,0,0,-2.4085543677521746,0.0,3.58665551695184,5,0,0,-2.5132741228718345,0.0,4.083023470728649,6,0,0,-1.082104136236484,0.0,6.444328672790805,7,0,0,3.141592653589793,0.0,8.674570946878974,8,0,0,-1.361356816555577,0.0,8.689834718688346,9,0,0,-1.2217304763960306,0.0,9.045448259186536,10,0,0,-1.117010721276371,0.0,13.859098842662243
169,84500,6,0,0,0,0.0,0.0,0.20951518187844087,1,0,0,1.5707963267948966,0.0,2.1031582671086113,2,0,0,-2.932153143350474,0.0,2.3927726412309633,3,0,0,-3.036872898470133,0.0,5.420177115482663,4,0,0,3.141592653589793,0.0,8.440484818121558,5,0,0,-1.5707963267948966,0.0,9.596841732891388
170,85000,4,0,0,0,0.0,0.0,0.47285598245109206,1,0,0,3.141592653589793,0.0,2.0771440175489078,2,0,0,1.5707963267948966,0.0,3.5540604067469985,3,0,0,-1.5707963267948966,0.0,20.345939593253
171,85500,6,0,0,0,-1.5707963267948966,0.0,0.050585346176268864,1,0,0,3.141592653589793,0.0,2.3916759854556666,2,0,0,1.5707963267948966,0.0,2.499414653823732,3,0,0,0.0,0.0,3.208324014544335,4,0,0,1.0471975511965974,0.0,6.416648029088666,5,0,0,1.117010721276371,0.0,7.3187390138339135
172,86000,8,0,0,0,0.0,0.0,0.06915122552027952,1,0,0,3.141592653589793,0.0,2.4808487744797176,2,0,0,1.5707963267948966,0.0,2.81090606180941,3,0,0,-2.268928027592629,0.0,3.8595155492955544,4,0,0,3.001966313430247,0.0,5.585203591900428,5,0,0,-1.5707963267948966,0.0,5.83909393819059,6,0,0,-2.199114857512855,0.0,9.409641961768125,7,0,0,-2.059488517353309,0.0,10.067521572156148
173,86500,5,0,0,0,-1.5707963267948966,0.0,0.25936024793018575,1,0,0,-0.6981317007977319,0.0,0.4034929174454139,2,0,0,1.5707963267948966,0.0,2.2906397520698114,3,0,0,3.141592653589793,0.0,2.7424481531686795,4,0,0,0.0,0.0,5.907551846831321
174,87000,5,0,0,0,3.141592653589793,0.0,0.3352037970850432,1,0,0,0.0,0.0,2.2147962029149575,2,0,0,-0.6981317007977319,0.0,2.8912111076706357,3,0,0,1.5707963267948966,0.0,3.8621160966223016,4,0,0,-1.5707963267948966,0.0,4.787883903377697
175,87500,4,0,0,0,1.5707963267948966,0.0,0.18838782477696991,1,0,0,-1.5707963267948966,0.0,2.36161217522303,2,0,0,-3.141592653589793,0.0,7.075059054552227,3,0,0,0.0,0.0,16.82494094544777
176,88000,9,0,0,0,3.141592653589793,0.0,0.0541719767483837,1,0,0,-0.20943951023931948,0.0,2.5515863059718673,2,0,0,0.6981317007977318,0.0,3.258348542193989,3,0,0,-1.5707963267948968,0.0,3.5055739290375056,4,0,0,0.8377580409572782,0.0,3.7299564532444816,5,0,0,0.0,0.0,5.545828023251617,6,0,0,-0.10471975511965984,0.0,5.57637599441487,7,0,0,1.5707963267948966,0.0,8.194426070962493,8,0,0,1.1868238913561442,0.0,12.127504179002644
177,88500,8,0,0,0,1.5707963267948966,0.0,0.13518008532391335,1,0,0,0.0,0.0,0.288503320160693,2,0,0,3.141592653589793,0.0,2.261496679839306,3,0,0,-1.5009831567151233,0.0,5.478164447939685,4,0,0,-1.9547687622336491,0.0,6.036991125055956,5,0,0,-1.8500490071139892,0.0,8.857962353700666,6,0,0,-1.8849555921538759,0.0,8.953011486473612,7,0,0,-1.5707963267948966,0.0,11.564819914676086
